Requisition,Questionnaire_for_External_Career_Sites_Reference,Questionnaire_for_Internal_Career_Site_Reference,Supervisory_Organization_Reference,Position_Reference,Spotlight_Job,Scheduled_Weekly_Hours,Time_Type_Reference,Primary_Job_Posting_Location_Reference,Primary_Location_Reference,Position_Worker_Type_Reference,Worker_Type_Reference,Job_Profile_Reference,Target_Hire_Date,Recruiting_Start_Date,Job_Requisition_Status_Reference,DateCreated_TaylorMorrisonDatalake,DateModified_TaylorMorrisonDatalake,RequisitionReason
RW1748,,,"[{""@wd:type"":""WID"",""#text"":""cc5437fa4b0510291587938b48836bed""},{""@wd:type"":""Organization_Reference_ID"",""#text"":""Austin Purchasing""}]","[{""@wd:type"":""WID"",""#text"":""162f18b2077c0121d4c66b9abf01bb11""},{""@wd:type"":""Position_ID"",""#text"":""WL558340""}]",0,40.00000,"[{""@wd:type"":""WID"",""#text"":""7de2238c96cb1021f052b6e58d4f01ee""},{""@wd:type"":""Position_Time_Type_ID"",""#text"":""Full_time""}]","[{""@wd:type"":""WID"",""#text"":""cc5437fa4b051028376d67a4d48c5b8e""},{""@wd:type"":""Location_ID"",""#text"":""TX - Austin""}]","[{""@wd:type"":""WID"",""#text"":""cc5437fa4b051028376d67a4d48c5b8e""},{""@wd:type"":""Location_ID"",""#text"":""TX - Austin""}]","[{""@wd:type"":""WID"",""#text"":""cc5437fa4b05102824b3eb44d96c40ce""},{""@wd:type"":""Employee_Type_ID"",""#text"":""Regular""}]","[{""@wd:type"":""WID"",""#text"":""d588c41a446c11de98360015c5e6daf6""},{""@wd:type"":""Worker_Type_ID"",""#text"":""EE""}]","[{""@wd:type"":""WID"",""#text"":""cc5437fa4b0510283dfa92bd7bb35f36""},{""@wd:type"":""Job_Profile_ID"",""#text"":""ARCHCOOR""}]",2020-02-06,2020-02-06,"[{""@wd:type"":""WID"",""#text"":""232c295da09343aea44be6eb390d719f""},{""@wd:type"":""Job_Requisition_Status_ID"",""#text"":""FILLED""}]",2023-06-21 05:53:06.593,2026-02-03 01:08:01.220,
RW1747,,,"[{""@wd:type"":""WID"",""#text"":""7407929fcf8d1083df33417b7252c21a""},{""@wd:type"":""Organization_Reference_ID"",""#text"":""SUP-ORG-176""}]","[{""@wd:type"":""WID"",""#text"":""162f18b2077c01c957c95c9abf01af11""},{""@wd:type"":""Position_ID"",""#text"":""WL558558""}]",0,40.00000,"[{""@wd:type"":""WID"",""#text"":""7de2238c96cb1021f052b6e58d4f01ee""},{""@wd:type"":""Position_Time_Type_ID"",""#text"":""Full_time""}]","[{""@wd:type"":""WID"",""#text"":""cc5437fa4b051028376d76b6b9545bb2""},{""@wd:type"":""Location_ID"",""#text"":""AZ - Phoenix""}]","[{""@wd:type"":""WID"",""#text"":""cc5437fa4b051028376d76b6b9545bb2""},{""@wd:type"":""Location_ID"",""#text"":""AZ - Phoenix""}]","[{""@wd:type"":""WID"",""#text"":""cc5437fa4b05102824b3eb44d96c40ce""},{""@wd:type"":""Employee_Type_ID"",""#text"":""Regular""}]","[{""@wd:type"":""WID"",""#text"":""d588c41a446c11de98360015c5e6daf6""},{""@wd:type"":""Worker_Type_ID"",""#text"":""EE""}]","[{""@wd:type"":""WID"",""#text"":""846d8248e25f10b4666c232c758dd1b1""},{""@wd:type"":""Job_Profile_ID"",""#text"":""SUPTR""}]",2020-02-06,2020-02-06,"[{""@wd:type"":""WID"",""#text"":""232c295da09343aea44be6eb390d719f""},{""@wd:type"":""Job_Requisition_Status_ID"",""#text"":""FILLED""}]",2023-06-21 05:53:06.593,2026-02-03 01:08:01.220,
RW1746,,,"[{""@wd:type"":""WID"",""#text"":""099af8ca3868018bbbf1df04ff01df3a""},{""@wd:type"":""Organization_Reference_ID"",""#text"":""People Services Partners A""}]","[{""@wd:type"":""WID"",""#text"":""162f18b2077c013029e14e9abf01a311""},{""@wd:type"":""Position_ID"",""#text"":""WL558111""}]",0,40.00000,"[{""@wd:type"":""WID"",""#text"":""7de2238c96cb1021f052b6e58d4f01ee""},{""@wd:type"":""Position_Time_Type_ID"",""#text"":""Full_time""}]","[{""@wd:type"":""WID"",""#text"":""cc5437fa4b051028376d7a8425f35bbb""},{""@wd:type"":""Location_ID"",""#text"":""AZ - Scottsdale""}]","[{""@wd:type"":""WID"",""#text"":""cc5437fa4b051028376d7a8425f35bbb""},{""@wd:type"":""Location_ID"",""#text"":""AZ - Scottsdale""}]","[{""@wd:type"":""WID"",""#text"":""cc5437fa4b05102824b3eb44d96c40ce""},{""@wd:type"":""Employee_Type_ID"",""#text"":""Regular""}]","[{""@wd:type"":""WID"",""#text"":""d588c41a446c11de98360015c5e6daf6""},{""@wd:type"":""Worker_Type_ID"",""#text"":""EE""}]","[{""@wd:type"":""WID"",""#text"":""1798e040c90c014fac40219dc13f4e2b""},{""@wd:type"":""Job_Profile_ID"",""#text"":""TACOOR""}]",2020-02-06,2020-02-06,"[{""@wd:type"":""WID"",""#text"":""232c295da09343aea44be6eb390d719f""},{""@wd:type"":""Job_Requisition_Status_ID"",""#text"":""FILLED""}]",2023-06-21 05:53:06.593,2026-02-03 01:08:01.220,
RW1745,,,"[{""@wd:type"":""WID"",""#text"":""cc5437fa4b051029158633b3cd286ac9""},{""@wd:type"":""Organization_Reference_ID"",""#text"":""SUP709788""}]","[{""@wd:type"":""WID"",""#text"":""162f18b2077c0120219f419abf019511""},{""@wd:type"":""Position_ID"",""#text"":""WL558310""}]",0,40.00000,"[{""@wd:type"":""WID"",""#text"":""7de2238c96cb1021f052b6e58d4f01ee""},{""@wd:type"":""Position_Time_Type_ID"",""#text"":""Full_time""}]","[{""@wd:type"":""WID"",""#text"":""cc5437fa4b051028376d7a8425f35bbb""},{""@wd:type"":""Location_ID"",""#text"":""AZ - Scottsdale""}]","[{""@wd:type"":""WID"",""#text"":""cc5437fa4b051028376d7a8425f35bbb""},{""@wd:type"":""Location_ID"",""#text"":""AZ - Scottsdale""}]","[{""@wd:type"":""WID"",""#text"":""cc5437fa4b05102824b3eb44d96c40ce""},{""@wd:type"":""Employee_Type_ID"",""#text"":""Regular""}]","[{""@wd:type"":""WID"",""#text"":""d588c41a446c11de98360015c5e6daf6""},{""@wd:type"":""Worker_Type_ID"",""#text"":""EE""}]","[{""@wd:type"":""WID"",""#text"":""cc5437fa4b0510283dfc7ff71c3460bb""},{""@wd:type"":""Job_Profile_ID"",""#text"":""PARALEG""}]",2020-02-06,2020-02-06,"[{""@wd:type"":""WID"",""#text"":""232c295da09343aea44be6eb390d719f""},{""@wd:type"":""Job_Requisition_Status_ID"",""#text"":""FILLED""}]",2023-06-21 05:53:06.593,2026-02-03 01:08:01.220,
RW1744,,,"[{""@wd:type"":""WID"",""#text"":""099af8ca3868010f7b6b0116ba015811""},{""@wd:type"":""Organization_Reference_ID"",""#text"":""SoCal Sales & Marketing B""}]","[{""@wd:type"":""WID"",""#text"":""162f18b2077c01caa999339abf018d11""},{""@wd:type"":""Position_ID"",""#text"":""WL558332""}]",0,40.00000,"[{""@wd:type"":""WID"",""#text"":""7de2238c96cb1021f052b6e58d4f01ee""},{""@wd:type"":""Position_Time_Type_ID"",""#text"":""Full_time""}]","[{""@wd:type"":""WID"",""#text"":""cc5437fa4b051028376d8cbd8e065be8""},{""@wd:type"":""Location_ID"",""#text"":""CA - Irvine""}]","[{""@wd:type"":""WID"",""#text"":""cc5437fa4b051028376d8cbd8e065be8""},{""@wd:type"":""Location_ID"",""#text"":""CA - Irvine""}]","[{""@wd:type"":""WID"",""#text"":""cc5437fa4b05102824b3eb44d96c40ce""},{""@wd:type"":""Employee_Type_ID"",""#text"":""Regular""}]","[{""@wd:type"":""WID"",""#text"":""d588c41a446c11de98360015c5e6daf6""},{""@wd:type"":""Worker_Type_ID"",""#text"":""EE""}]","[{""@wd:type"":""WID"",""#text"":""cc5437fa4b0510283dfca90a4e5f60e7""},{""@wd:type"":""Job_Profile_ID"",""#text"":""SASST""}]",2020-02-06,2020-02-06,"[{""@wd:type"":""WID"",""#text"":""232c295da09343aea44be6eb390d719f""},{""@wd:type"":""Job_Requisition_Status_ID"",""#text"":""FILLED""}]",2023-06-21 05:53:06.593,2026-02-03 01:08:01.220,
RW1743,,,"[{""@wd:type"":""WID"",""#text"":""7346fa6069960185aa7554ce6f536ed9""},{""@wd:type"":""Organization_Reference_ID"",""#text"":""SUP-ORG-244""}]","[{""@wd:type"":""WID"",""#text"":""162f18b2077c0196e47f249abf018111""},{""@wd:type"":""Position_ID"",""#text"":""WL557803""}]",0,40.00000,"[{""@wd:type"":""WID"",""#text"":""7de2238c96cb1021f052b6e58d4f01ee""},{""@wd:type"":""Position_Time_Type_ID"",""#text"":""Full_time""}]","[{""@wd:type"":""WID"",""#text"":""cc5437fa4b051028376d905264ed5bf1""},{""@wd:type"":""Location_ID"",""#text"":""CA - Bay Area""}]","[{""@wd:type"":""WID"",""#text"":""cc5437fa4b051028376d905264ed5bf1""},{""@wd:type"":""Location_ID"",""#text"":""CA - Bay Area""}]","[{""@wd:type"":""WID"",""#text"":""cc5437fa4b05102824b3eb44d96c40ce""},{""@wd:type"":""Employee_Type_ID"",""#text"":""Regular""}]","[{""@wd:type"":""WID"",""#text"":""d588c41a446c11de98360015c5e6daf6""},{""@wd:type"":""Worker_Type_ID"",""#text"":""EE""}]","[{""@wd:type"":""WID"",""#text"":""cc5437fa4b0510283dfafdb4e9175fa6""},{""@wd:type"":""Job_Profile_ID"",""#text"":""CSR2""}]",2020-02-06,2020-02-06,"[{""@wd:type"":""WID"",""#text"":""232c295da09343aea44be6eb390d719f""},{""@wd:type"":""Job_Requisition_Status_ID"",""#text"":""FILLED""}]",2023-06-21 05:53:06.593,2026-02-03 01:08:01.220,
RW1742,,,"[{""@wd:type"":""WID"",""#text"":""cc5437fa4b0510291586dd8393236b9e""},{""@wd:type"":""Organization_Reference_ID"",""#text"":""Denver Purchasing Operations""}]","[{""@wd:type"":""WID"",""#text"":""162f18b2077c01044e86159abf017511""},{""@wd:type"":""Position_ID"",""#text"":""WL55852X""}]",0,40.00000,"[{""@wd:type"":""WID"",""#text"":""7de2238c96cb1021f052b6e58d4f01ee""},{""@wd:type"":""Position_Time_Type_ID"",""#text"":""Full_time""}]","[{""@wd:type"":""WID"",""#text"":""cc5437fa4b051028376d81e7fdb95bcd""},{""@wd:type"":""Location_ID"",""#text"":""CO - Englewood""}]","[{""@wd:type"":""WID"",""#text"":""cc5437fa4b051028376d81e7fdb95bcd""},{""@wd:type"":""Location_ID"",""#text"":""CO - Englewood""}]","[{""@wd:type"":""WID"",""#text"":""cc5437fa4b05102824b3eb44d96c40ce""},{""@wd:type"":""Employee_Type_ID"",""#text"":""Regular""}]","[{""@wd:type"":""WID"",""#text"":""d588c41a446c11de98360015c5e6daf6""},{""@wd:type"":""Worker_Type_ID"",""#text"":""EE""}]","[{""@wd:type"":""WID"",""#text"":""cc5437fa4b0510283dfc966f2cde60d3""},{""@wd:type"":""Job_Profile_ID"",""#text"":""PURCHMGR""}]",2020-02-06,2020-02-06,"[{""@wd:type"":""WID"",""#text"":""232c295da09343aea44be6eb390d719f""},{""@wd:type"":""Job_Requisition_Status_ID"",""#text"":""FILLED""}]",2023-06-21 05:53:06.593,2026-02-03 01:08:01.220,
RW1741,,,"[{""@wd:type"":""WID"",""#text"":""099af8ca3868010f7b6b0116ba015811""},{""@wd:type"":""Organization_Reference_ID"",""#text"":""SoCal Sales & Marketing B""}]","[{""@wd:type"":""WID"",""#text"":""162f18b2077c015f72f2059abf016d11""},{""@wd:type"":""Position_ID"",""#text"":""WL555532""}]",0,40.00000,"[{""@wd:type"":""WID"",""#text"":""7de2238c96cb1021f052b6e58d4f01ee""},{""@wd:type"":""Position_Time_Type_ID"",""#text"":""Full_time""}]","[{""@wd:type"":""WID"",""#text"":""cc5437fa4b051028376d8cbd8e065be8""},{""@wd:type"":""Location_ID"",""#text"":""CA - Irvine""}]","[{""@wd:type"":""WID"",""#text"":""cc5437fa4b051028376d8cbd8e065be8""},{""@wd:type"":""Location_ID"",""#text"":""CA - Irvine""}]","[{""@wd:type"":""WID"",""#text"":""cc5437fa4b05102824b3eb44d96c40ce""},{""@wd:type"":""Employee_Type_ID"",""#text"":""Regular""}]","[{""@wd:type"":""WID"",""#text"":""d588c41a446c11de98360015c5e6daf6""},{""@wd:type"":""Worker_Type_ID"",""#text"":""EE""}]","[{""@wd:type"":""WID"",""#text"":""64de2ff19983010d12e74da16301f6c2""},{""@wd:type"":""Job_Profile_ID"",""#text"":""CSMWL""}]",2020-02-06,2020-02-06,"[{""@wd:type"":""WID"",""#text"":""232c295da09343aea44be6eb390d719f""},{""@wd:type"":""Job_Requisition_Status_ID"",""#text"":""FILLED""}]",2023-06-21 05:53:06.593,2026-02-03 01:08:01.220,
RW1740,,,"[{""@wd:type"":""WID"",""#text"":""64de2ff1998301e1aceaee70fe01fe40""},{""@wd:type"":""Organization_Reference_ID"",""#text"":""Seattle Construction Area A""}]","[{""@wd:type"":""WID"",""#text"":""162f18b2077c018e4c44f699bf016511""},{""@wd:type"":""Position_ID"",""#text"":""WL557624""}]",0,40.00000,"[{""@wd:type"":""WID"",""#text"":""7de2238c96cb1021f052b6e58d4f01ee""},{""@wd:type"":""Position_Time_Type_ID"",""#text"":""Full_time""}]","[{""@wd:type"":""WID"",""#text"":""000e459e232001ce69f3955dd01f72dc""},{""@wd:type"":""Location_ID"",""#text"":""WA ? Bellevue/Seattle""}]","[{""@wd:type"":""WID"",""#text"":""000e459e232001ce69f3955dd01f72dc""},{""@wd:type"":""Location_ID"",""#text"":""WA ? Bellevue/Seattle""}]","[{""@wd:type"":""WID"",""#text"":""cc5437fa4b05102824b3eb44d96c40ce""},{""@wd:type"":""Employee_Type_ID"",""#text"":""Regular""}]","[{""@wd:type"":""WID"",""#text"":""d588c41a446c11de98360015c5e6daf6""},{""@wd:type"":""Worker_Type_ID"",""#text"":""EE""}]","[{""@wd:type"":""WID"",""#text"":""cc5437fa4b0510283dfcf87857ab6137""},{""@wd:type"":""Job_Profile_ID"",""#text"":""SUPER""}]",2020-02-06,2020-02-06,"[{""@wd:type"":""WID"",""#text"":""232c295da09343aea44be6eb390d719f""},{""@wd:type"":""Job_Requisition_Status_ID"",""#text"":""FILLED""}]",2023-06-21 05:53:06.593,2026-02-03 01:08:01.220,
RW1739,,,"[{""@wd:type"":""WID"",""#text"":""64de2ff1998301e70db0cea0fe019841""},{""@wd:type"":""Organization_Reference_ID"",""#text"":""Seattle Construction Area C""}]","[{""@wd:type"":""WID"",""#text"":""162f18b2077c01814443e299bf015d11""},{""@wd:type"":""Position_ID"",""#text"":""WL558042""}]",0,40.00000,"[{""@wd:type"":""WID"",""#text"":""7de2238c96cb1021f052b6e58d4f01ee""},{""@wd:type"":""Position_Time_Type_ID"",""#text"":""Full_time""}]","[{""@wd:type"":""WID"",""#text"":""000e459e232001ce69f3955dd01f72dc""},{""@wd:type"":""Location_ID"",""#text"":""WA ? Bellevue/Seattle""}]","[{""@wd:type"":""WID"",""#text"":""000e459e232001ce69f3955dd01f72dc""},{""@wd:type"":""Location_ID"",""#text"":""WA ? Bellevue/Seattle""}]","[{""@wd:type"":""WID"",""#text"":""cc5437fa4b05102824b3eb44d96c40ce""},{""@wd:type"":""Employee_Type_ID"",""#text"":""Regular""}]","[{""@wd:type"":""WID"",""#text"":""d588c41a446c11de98360015c5e6daf6""},{""@wd:type"":""Worker_Type_ID"",""#text"":""EE""}]","[{""@wd:type"":""WID"",""#text"":""cc5437fa4b0510283dfaa8aea3cd5f4e""},{""@wd:type"":""Job_Profile_ID"",""#text"":""ASUPER""}]",2020-02-06,2020-02-06,"[{""@wd:type"":""WID"",""#text"":""232c295da09343aea44be6eb390d719f""},{""@wd:type"":""Job_Requisition_Status_ID"",""#text"":""FILLED""}]",2023-06-21 05:53:06.593,2026-02-03 01:08:01.220,
RW1738,,,"[{""@wd:type"":""WID"",""#text"":""cc5437fa4b051029158675dbeacd6b0e""},{""@wd:type"":""Organization_Reference_ID"",""#text"":""SoCal Division Operations""}]","[{""@wd:type"":""WID"",""#text"":""162f18b2077c013e1ee8799270007601""},{""@wd:type"":""Position_ID"",""#text"":""WL067331""}]",0,40.00000,"[{""@wd:type"":""WID"",""#text"":""7de2238c96cb1021f052b6e58d4f01ee""},{""@wd:type"":""Position_Time_Type_ID"",""#text"":""Full_time""}]","[{""@wd:type"":""WID"",""#text"":""cc5437fa4b051028376d8cbd8e065be8""},{""@wd:type"":""Location_ID"",""#text"":""CA - Irvine""}]","[{""@wd:type"":""WID"",""#text"":""cc5437fa4b051028376d8cbd8e065be8""},{""@wd:type"":""Location_ID"",""#text"":""CA - Irvine""}]","[{""@wd:type"":""WID"",""#text"":""cc5437fa4b05102824b3eb44d96c40ce""},{""@wd:type"":""Employee_Type_ID"",""#text"":""Regular""}]","[{""@wd:type"":""WID"",""#text"":""d588c41a446c11de98360015c5e6daf6""},{""@wd:type"":""Worker_Type_ID"",""#text"":""EE""}]","[{""@wd:type"":""WID"",""#text"":""64de2ff1998301ebf3f72a35c700744d""},{""@wd:type"":""Job_Profile_ID"",""#text"":""WLADEX""}]",2020-02-06,2020-02-06,"[{""@wd:type"":""WID"",""#text"":""232c295da09343aea44be6eb390d719f""},{""@wd:type"":""Job_Requisition_Status_ID"",""#text"":""FILLED""}]",2023-06-21 05:53:06.593,2026-02-03 01:08:01.220,
RW1737,,,"[{""@wd:type"":""WID"",""#text"":""64de2ff1998301eed4e034aa0402dc4e""},{""@wd:type"":""Organization_Reference_ID"",""#text"":""Las Vegas Operations""}]","[{""@wd:type"":""WID"",""#text"":""162f18b2077c01b36af0699270006a01""},{""@wd:type"":""Position_ID"",""#text"":""WL218575""}]",0,40.00000,"[{""@wd:type"":""WID"",""#text"":""7de2238c96cb1021f052b6e58d4f01ee""},{""@wd:type"":""Position_Time_Type_ID"",""#text"":""Full_time""}]","[{""@wd:type"":""WID"",""#text"":""e486119f79c3013a7bf40895a9c9e787""},{""@wd:type"":""Location_ID"",""#text"":""NV - Remote""}]","[{""@wd:type"":""WID"",""#text"":""e486119f79c3013a7bf40895a9c9e787""},{""@wd:type"":""Location_ID"",""#text"":""NV - Remote""}]","[{""@wd:type"":""WID"",""#text"":""cc5437fa4b05102824b3eb44d96c40ce""},{""@wd:type"":""Employee_Type_ID"",""#text"":""Regular""}]","[{""@wd:type"":""WID"",""#text"":""d588c41a446c11de98360015c5e6daf6""},{""@wd:type"":""Worker_Type_ID"",""#text"":""EE""}]","[{""@wd:type"":""WID"",""#text"":""64de2ff1998301ebf3f72a35c700744d""},{""@wd:type"":""Job_Profile_ID"",""#text"":""WLADEX""}]",2020-02-06,2020-02-06,"[{""@wd:type"":""WID"",""#text"":""232c295da09343aea44be6eb390d719f""},{""@wd:type"":""Job_Requisition_Status_ID"",""#text"":""FILLED""}]",2023-06-21 05:53:06.593,2026-02-03 01:08:01.220,
RW1736,,,"[{""@wd:type"":""WID"",""#text"":""64de2ff1998301eed4e034aa0402dc4e""},{""@wd:type"":""Organization_Reference_ID"",""#text"":""Las Vegas Operations""}]","[{""@wd:type"":""WID"",""#text"":""162f18b2077c017ac8dd589270005e01""},{""@wd:type"":""Position_ID"",""#text"":""WL218570""}]",0,40.00000,"[{""@wd:type"":""WID"",""#text"":""7de2238c96cb1021f052b6e58d4f01ee""},{""@wd:type"":""Position_Time_Type_ID"",""#text"":""Full_time""}]","[{""@wd:type"":""WID"",""#text"":""e486119f79c3013a7bf40895a9c9e787""},{""@wd:type"":""Location_ID"",""#text"":""NV - Remote""}]","[{""@wd:type"":""WID"",""#text"":""e486119f79c3013a7bf40895a9c9e787""},{""@wd:type"":""Location_ID"",""#text"":""NV - Remote""}]","[{""@wd:type"":""WID"",""#text"":""cc5437fa4b05102824b3eb44d96c40ce""},{""@wd:type"":""Employee_Type_ID"",""#text"":""Regular""}]","[{""@wd:type"":""WID"",""#text"":""d588c41a446c11de98360015c5e6daf6""},{""@wd:type"":""Worker_Type_ID"",""#text"":""EE""}]","[{""@wd:type"":""WID"",""#text"":""64de2ff1998301ebf3f72a35c700744d""},{""@wd:type"":""Job_Profile_ID"",""#text"":""WLADEX""}]",2020-02-06,2020-02-06,"[{""@wd:type"":""WID"",""#text"":""232c295da09343aea44be6eb390d719f""},{""@wd:type"":""Job_Requisition_Status_ID"",""#text"":""FILLED""}]",2023-06-21 05:53:06.593,2026-02-03 01:08:01.220,
RW1735,,,"[{""@wd:type"":""WID"",""#text"":""cc5437fa4b051029158675dbeacd6b0e""},{""@wd:type"":""Organization_Reference_ID"",""#text"":""SoCal Division Operations""}]","[{""@wd:type"":""WID"",""#text"":""162f18b2077c01119c93499270005601""},{""@wd:type"":""Position_ID"",""#text"":""WL558304""}]",0,40.00000,"[{""@wd:type"":""WID"",""#text"":""7de2238c96cb1021f052b6e58d4f01ee""},{""@wd:type"":""Position_Time_Type_ID"",""#text"":""Full_time""}]","[{""@wd:type"":""WID"",""#text"":""cc5437fa4b051028376d8cbd8e065be8""},{""@wd:type"":""Location_ID"",""#text"":""CA - Irvine""}]","[{""@wd:type"":""WID"",""#text"":""cc5437fa4b051028376d8cbd8e065be8""},{""@wd:type"":""Location_ID"",""#text"":""CA - Irvine""}]","[{""@wd:type"":""WID"",""#text"":""cc5437fa4b05102824b3eb44d96c40ce""},{""@wd:type"":""Employee_Type_ID"",""#text"":""Regular""}]","[{""@wd:type"":""WID"",""#text"":""d588c41a446c11de98360015c5e6daf6""},{""@wd:type"":""Worker_Type_ID"",""#text"":""EE""}]","[{""@wd:type"":""WID"",""#text"":""64de2ff1998301ebf3f72a35c700744d""},{""@wd:type"":""Job_Profile_ID"",""#text"":""WLADEX""}]",2020-02-06,2020-02-06,"[{""@wd:type"":""WID"",""#text"":""232c295da09343aea44be6eb390d719f""},{""@wd:type"":""Job_Requisition_Status_ID"",""#text"":""FILLED""}]",2023-06-21 05:53:06.593,2026-02-03 01:08:01.220,
RW1734,,,"[{""@wd:type"":""WID"",""#text"":""64de2ff1998301921e4ed3ebff010144""},{""@wd:type"":""Organization_Reference_ID"",""#text"":""Portland Sales Operations""}]","[{""@wd:type"":""WID"",""#text"":""47d2dda97f83017819375de6c2010d2b""},{""@wd:type"":""Position_ID"",""#text"":""WL557733""}]",0,40.00000,"[{""@wd:type"":""WID"",""#text"":""7de2238c96cb1021f052b6e58d4f01ee""},{""@wd:type"":""Position_Time_Type_ID"",""#text"":""Full_time""}]","[{""@wd:type"":""WID"",""#text"":""000e459e2320010c15526407d01f53dc""},{""@wd:type"":""Location_ID"",""#text"":""WA ? Vancouver/Portland""}]","[{""@wd:type"":""WID"",""#text"":""000e459e2320010c15526407d01f53dc""},{""@wd:type"":""Location_ID"",""#text"":""WA ? Vancouver/Portland""}]","[{""@wd:type"":""WID"",""#text"":""cc5437fa4b05102824b3eb44d96c40ce""},{""@wd:type"":""Employee_Type_ID"",""#text"":""Regular""}]","[{""@wd:type"":""WID"",""#text"":""d588c41a446c11de98360015c5e6daf6""},{""@wd:type"":""Worker_Type_ID"",""#text"":""EE""}]","[{""@wd:type"":""WID"",""#text"":""64de2ff1998301a91a8ce641630131c2""},{""@wd:type"":""Job_Profile_ID"",""#text"":""CSAWL""}]",2020-02-06,2020-02-06,"[{""@wd:type"":""WID"",""#text"":""232c295da09343aea44be6eb390d719f""},{""@wd:type"":""Job_Requisition_Status_ID"",""#text"":""FILLED""}]",2023-06-21 05:53:06.593,2026-02-03 01:08:01.220,
RW1733,,,"[{""@wd:type"":""WID"",""#text"":""64de2ff1998301921e4ed3ebff010144""},{""@wd:type"":""Organization_Reference_ID"",""#text"":""Portland Sales Operations""}]","[{""@wd:type"":""WID"",""#text"":""47d2dda97f8301cc661eb5506f01f80d""},{""@wd:type"":""Position_ID"",""#text"":""WL557814""}]",0,40.00000,"[{""@wd:type"":""WID"",""#text"":""7de2238c96cb1021f052b6e58d4f01ee""},{""@wd:type"":""Position_Time_Type_ID"",""#text"":""Full_time""}]","[{""@wd:type"":""WID"",""#text"":""000e459e232001ce69f3955dd01f72dc""},{""@wd:type"":""Location_ID"",""#text"":""WA ? Bellevue/Seattle""}]","[{""@wd:type"":""WID"",""#text"":""000e459e232001ce69f3955dd01f72dc""},{""@wd:type"":""Location_ID"",""#text"":""WA ? Bellevue/Seattle""}]","[{""@wd:type"":""WID"",""#text"":""cc5437fa4b05102824b3eb44d96c40ce""},{""@wd:type"":""Employee_Type_ID"",""#text"":""Regular""}]","[{""@wd:type"":""WID"",""#text"":""d588c41a446c11de98360015c5e6daf6""},{""@wd:type"":""Worker_Type_ID"",""#text"":""EE""}]","[{""@wd:type"":""WID"",""#text"":""cc5437fa4b0510283dfb94d65250603e""},{""@wd:type"":""Job_Profile_ID"",""#text"":""IHC""}]",2020-02-06,2020-02-06,"[{""@wd:type"":""WID"",""#text"":""232c295da09343aea44be6eb390d719f""},{""@wd:type"":""Job_Requisition_Status_ID"",""#text"":""FILLED""}]",2023-06-21 05:53:06.593,2026-02-03 01:08:01.220,
RW1732,,,"[{""@wd:type"":""WID"",""#text"":""cc5437fa4b05102915869b1c059f6b3b""},{""@wd:type"":""Organization_Reference_ID"",""#text"":""Austin Construction Operations""}]","[{""@wd:type"":""WID"",""#text"":""767d5105e5780135d807708e6d000809""},{""@wd:type"":""Position_ID"",""#text"":""WL558284""}]",0,40.00000,"[{""@wd:type"":""WID"",""#text"":""7de2238c96cb1021f052b6e58d4f01ee""},{""@wd:type"":""Position_Time_Type_ID"",""#text"":""Full_time""}]","[{""@wd:type"":""WID"",""#text"":""cc5437fa4b051028376d67a4d48c5b8e""},{""@wd:type"":""Location_ID"",""#text"":""TX - Austin""}]","[{""@wd:type"":""WID"",""#text"":""cc5437fa4b051028376d67a4d48c5b8e""},{""@wd:type"":""Location_ID"",""#text"":""TX - Austin""}]","[{""@wd:type"":""WID"",""#text"":""cc5437fa4b05102824b3eb44d96c40ce""},{""@wd:type"":""Employee_Type_ID"",""#text"":""Regular""}]","[{""@wd:type"":""WID"",""#text"":""d588c41a446c11de98360015c5e6daf6""},{""@wd:type"":""Worker_Type_ID"",""#text"":""EE""}]","[{""@wd:type"":""WID"",""#text"":""64de2ff1998301ebf3f72a35c700744d""},{""@wd:type"":""Job_Profile_ID"",""#text"":""WLADEX""}]",2020-02-06,2020-02-06,"[{""@wd:type"":""WID"",""#text"":""232c295da09343aea44be6eb390d719f""},{""@wd:type"":""Job_Requisition_Status_ID"",""#text"":""FILLED""}]",2023-06-21 05:53:06.593,2026-02-03 01:08:01.220,
RW1731,,,"[{""@wd:type"":""WID"",""#text"":""cc5437fa4b0510291586e96dab456bb0""},{""@wd:type"":""Organization_Reference_ID"",""#text"":""Bay Area""}]","[{""@wd:type"":""WID"",""#text"":""767d5105e578016a435c2d537300e91e""},{""@wd:type"":""Position_ID"",""#text"":""WL557997""}]",0,40.00000,"[{""@wd:type"":""WID"",""#text"":""7de2238c96cb1021f052b6e58d4f01ee""},{""@wd:type"":""Position_Time_Type_ID"",""#text"":""Full_time""}]","[{""@wd:type"":""WID"",""#text"":""cc5437fa4b051028376d905264ed5bf1""},{""@wd:type"":""Location_ID"",""#text"":""CA - Bay Area""}]","[{""@wd:type"":""WID"",""#text"":""cc5437fa4b051028376d905264ed5bf1""},{""@wd:type"":""Location_ID"",""#text"":""CA - Bay Area""}]","[{""@wd:type"":""WID"",""#text"":""cc5437fa4b05102824b3eb44d96c40ce""},{""@wd:type"":""Employee_Type_ID"",""#text"":""Regular""}]","[{""@wd:type"":""WID"",""#text"":""d588c41a446c11de98360015c5e6daf6""},{""@wd:type"":""Worker_Type_ID"",""#text"":""EE""}]","[{""@wd:type"":""WID"",""#text"":""64de2ff1998301ebf3f72a35c700744d""},{""@wd:type"":""Job_Profile_ID"",""#text"":""WLADEX""}]",2020-02-06,2020-02-06,"[{""@wd:type"":""WID"",""#text"":""232c295da09343aea44be6eb390d719f""},{""@wd:type"":""Job_Requisition_Status_ID"",""#text"":""FILLED""}]",2023-06-21 05:53:06.593,2026-02-03 01:08:01.220,
RW1730,,,"[{""@wd:type"":""WID"",""#text"":""cc5437fa4b05102915869b1c059f6b3b""},{""@wd:type"":""Organization_Reference_ID"",""#text"":""Austin Construction Operations""}]","[{""@wd:type"":""WID"",""#text"":""767d5105e5780142482b658e6d00fc08""},{""@wd:type"":""Position_ID"",""#text"":""WL558301""}]",0,40.00000,"[{""@wd:type"":""WID"",""#text"":""7de2238c96cb1021f052b6e58d4f01ee""},{""@wd:type"":""Position_Time_Type_ID"",""#text"":""Full_time""}]","[{""@wd:type"":""WID"",""#text"":""cc5437fa4b051028376d67a4d48c5b8e""},{""@wd:type"":""Location_ID"",""#text"":""TX - Austin""}]","[{""@wd:type"":""WID"",""#text"":""cc5437fa4b051028376d67a4d48c5b8e""},{""@wd:type"":""Location_ID"",""#text"":""TX - Austin""}]","[{""@wd:type"":""WID"",""#text"":""cc5437fa4b05102824b3eb44d96c40ce""},{""@wd:type"":""Employee_Type_ID"",""#text"":""Regular""}]","[{""@wd:type"":""WID"",""#text"":""d588c41a446c11de98360015c5e6daf6""},{""@wd:type"":""Worker_Type_ID"",""#text"":""EE""}]","[{""@wd:type"":""WID"",""#text"":""64de2ff1998301ebf3f72a35c700744d""},{""@wd:type"":""Job_Profile_ID"",""#text"":""WLADEX""}]",2020-02-06,2020-02-06,"[{""@wd:type"":""WID"",""#text"":""232c295da09343aea44be6eb390d719f""},{""@wd:type"":""Job_Requisition_Status_ID"",""#text"":""FILLED""}]",2023-06-21 05:53:06.593,2026-02-03 01:08:01.220,
RW1729,,,"[{""@wd:type"":""WID"",""#text"":""cc5437fa4b0510291587938b48836bed""},{""@wd:type"":""Organization_Reference_ID"",""#text"":""Austin Purchasing""}]","[{""@wd:type"":""WID"",""#text"":""767d5105e578015b23c8588e6d00f008""},{""@wd:type"":""Position_ID"",""#text"":""WL558229""}]",0,40.00000,"[{""@wd:type"":""WID"",""#text"":""7de2238c96cb1021f052b6e58d4f01ee""},{""@wd:type"":""Position_Time_Type_ID"",""#text"":""Full_time""}]","[{""@wd:type"":""WID"",""#text"":""cc5437fa4b051028376d67a4d48c5b8e""},{""@wd:type"":""Location_ID"",""#text"":""TX - Austin""}]","[{""@wd:type"":""WID"",""#text"":""cc5437fa4b051028376d67a4d48c5b8e""},{""@wd:type"":""Location_ID"",""#text"":""TX - Austin""}]","[{""@wd:type"":""WID"",""#text"":""cc5437fa4b05102824b3eb44d96c40ce""},{""@wd:type"":""Employee_Type_ID"",""#text"":""Regular""}]","[{""@wd:type"":""WID"",""#text"":""d588c41a446c11de98360015c5e6daf6""},{""@wd:type"":""Worker_Type_ID"",""#text"":""EE""}]","[{""@wd:type"":""WID"",""#text"":""64de2ff1998301ebf3f72a35c700744d""},{""@wd:type"":""Job_Profile_ID"",""#text"":""WLADEX""}]",2020-02-06,2020-02-06,"[{""@wd:type"":""WID"",""#text"":""232c295da09343aea44be6eb390d719f""},{""@wd:type"":""Job_Requisition_Status_ID"",""#text"":""FILLED""}]",2023-06-21 05:53:06.593,2026-02-03 01:08:01.220,
RW1728,,,"[{""@wd:type"":""WID"",""#text"":""099af8ca386801793e9c6c6cff01193c""},{""@wd:type"":""Organization_Reference_ID"",""#text"":""Information Technology Support Ops""}]","[{""@wd:type"":""WID"",""#text"":""767d5105e57801cf232f8e24d000ee5e""},{""@wd:type"":""Position_ID"",""#text"":""WL558207""}]",0,40.00000,"[{""@wd:type"":""WID"",""#text"":""7de2238c96cb1021f052b6e58d4f01ee""},{""@wd:type"":""Position_Time_Type_ID"",""#text"":""Full_time""}]","[{""@wd:type"":""WID"",""#text"":""cc5437fa4b051028376d7a8425f35bbb""},{""@wd:type"":""Location_ID"",""#text"":""AZ - Scottsdale""}]","[{""@wd:type"":""WID"",""#text"":""cc5437fa4b051028376d7a8425f35bbb""},{""@wd:type"":""Location_ID"",""#text"":""AZ - Scottsdale""}]","[{""@wd:type"":""WID"",""#text"":""cc5437fa4b05102824b3eb44d96c40ce""},{""@wd:type"":""Employee_Type_ID"",""#text"":""Regular""}]","[{""@wd:type"":""WID"",""#text"":""d588c41a446c11de98360015c5e6daf6""},{""@wd:type"":""Worker_Type_ID"",""#text"":""EE""}]","[{""@wd:type"":""WID"",""#text"":""64de2ff1998301ebf3f72a35c700744d""},{""@wd:type"":""Job_Profile_ID"",""#text"":""WLADEX""}]",2020-02-06,2020-02-06,"[{""@wd:type"":""WID"",""#text"":""232c295da09343aea44be6eb390d719f""},{""@wd:type"":""Job_Requisition_Status_ID"",""#text"":""FILLED""}]",2023-06-21 05:53:06.593,2026-02-03 01:08:01.220,
RW1727,,,"[{""@wd:type"":""WID"",""#text"":""62dab921c23a106ddbd1d543bb246ee0""},{""@wd:type"":""Organization_Reference_ID"",""#text"":""SUP-ORG-156""}]","[{""@wd:type"":""WID"",""#text"":""767d5105e57801df6fac8324d000e05e""},{""@wd:type"":""Position_ID"",""#text"":""WL557096""}]",0,40.00000,"[{""@wd:type"":""WID"",""#text"":""7de2238c96cb1021f052b6e58d4f01ee""},{""@wd:type"":""Position_Time_Type_ID"",""#text"":""Full_time""}]","[{""@wd:type"":""WID"",""#text"":""cc5437fa4b051028376d7a8425f35bbb""},{""@wd:type"":""Location_ID"",""#text"":""AZ - Scottsdale""}]","[{""@wd:type"":""WID"",""#text"":""cc5437fa4b051028376d7a8425f35bbb""},{""@wd:type"":""Location_ID"",""#text"":""AZ - Scottsdale""}]","[{""@wd:type"":""WID"",""#text"":""cc5437fa4b05102824b3eb44d96c40ce""},{""@wd:type"":""Employee_Type_ID"",""#text"":""Regular""}]","[{""@wd:type"":""WID"",""#text"":""d588c41a446c11de98360015c5e6daf6""},{""@wd:type"":""Worker_Type_ID"",""#text"":""EE""}]","[{""@wd:type"":""WID"",""#text"":""64de2ff1998301ebf3f72a35c700744d""},{""@wd:type"":""Job_Profile_ID"",""#text"":""WLADEX""}]",2020-02-06,2020-02-06,"[{""@wd:type"":""WID"",""#text"":""232c295da09343aea44be6eb390d719f""},{""@wd:type"":""Job_Requisition_Status_ID"",""#text"":""FILLED""}]",2023-06-21 05:53:06.593,2026-02-03 01:08:01.220,
RW1726,,,"[{""@wd:type"":""WID"",""#text"":""cc5437fa4b0510291586525a35526ae4""},{""@wd:type"":""Organization_Reference_ID"",""#text"":""SUP708787""}]","[{""@wd:type"":""WID"",""#text"":""767d5105e57801c017e47824d000d45e""},{""@wd:type"":""Position_ID"",""#text"":""WL557369""}]",0,40.00000,"[{""@wd:type"":""WID"",""#text"":""7de2238c96cb1021f052b6e58d4f01ee""},{""@wd:type"":""Position_Time_Type_ID"",""#text"":""Full_time""}]","[{""@wd:type"":""WID"",""#text"":""cc5437fa4b051028376d7a8425f35bbb""},{""@wd:type"":""Location_ID"",""#text"":""AZ - Scottsdale""}]","[{""@wd:type"":""WID"",""#text"":""cc5437fa4b051028376d7a8425f35bbb""},{""@wd:type"":""Location_ID"",""#text"":""AZ - Scottsdale""}]","[{""@wd:type"":""WID"",""#text"":""cc5437fa4b05102824b3eb44d96c40ce""},{""@wd:type"":""Employee_Type_ID"",""#text"":""Regular""}]","[{""@wd:type"":""WID"",""#text"":""d588c41a446c11de98360015c5e6daf6""},{""@wd:type"":""Worker_Type_ID"",""#text"":""EE""}]","[{""@wd:type"":""WID"",""#text"":""64de2ff1998301ebf3f72a35c700744d""},{""@wd:type"":""Job_Profile_ID"",""#text"":""WLADEX""}]",2020-02-06,2020-02-06,"[{""@wd:type"":""WID"",""#text"":""232c295da09343aea44be6eb390d719f""},{""@wd:type"":""Job_Requisition_Status_ID"",""#text"":""FILLED""}]",2023-06-21 05:53:06.593,2026-02-03 01:08:01.220,
RW1725,,,"[{""@wd:type"":""WID"",""#text"":""cc5437fa4b0510291586f750c7ce6bc5""},{""@wd:type"":""Organization_Reference_ID"",""#text"":""Phoenix Sales Operations""}]","[{""@wd:type"":""WID"",""#text"":""767d5105e57801f2aac507e37f003b44""},{""@wd:type"":""Position_ID"",""#text"":""WL558125""}]",0,40.00000,"[{""@wd:type"":""WID"",""#text"":""7de2238c96cb1021f052b6e58d4f01ee""},{""@wd:type"":""Position_Time_Type_ID"",""#text"":""Full_time""}]","[{""@wd:type"":""WID"",""#text"":""cc5437fa4b051028376d76b6b9545bb2""},{""@wd:type"":""Location_ID"",""#text"":""AZ - Phoenix""}]","[{""@wd:type"":""WID"",""#text"":""cc5437fa4b051028376d76b6b9545bb2""},{""@wd:type"":""Location_ID"",""#text"":""AZ - Phoenix""}]","[{""@wd:type"":""WID"",""#text"":""cc5437fa4b05102824b3eb44d96c40ce""},{""@wd:type"":""Employee_Type_ID"",""#text"":""Regular""}]","[{""@wd:type"":""WID"",""#text"":""d588c41a446c11de98360015c5e6daf6""},{""@wd:type"":""Worker_Type_ID"",""#text"":""EE""}]","[{""@wd:type"":""WID"",""#text"":""64de2ff1998301ebf3f72a35c700744d""},{""@wd:type"":""Job_Profile_ID"",""#text"":""WLADEX""}]",2020-02-06,2020-02-06,"[{""@wd:type"":""WID"",""#text"":""232c295da09343aea44be6eb390d719f""},{""@wd:type"":""Job_Requisition_Status_ID"",""#text"":""FILLED""}]",2023-06-21 05:53:06.593,2026-02-03 01:08:01.220,
RW1724,,,"[{""@wd:type"":""WID"",""#text"":""cc5437fa4b0510291586f5597da36bc2""},{""@wd:type"":""Organization_Reference_ID"",""#text"":""Phoenix Construction Operations""}]","[{""@wd:type"":""WID"",""#text"":""767d5105e57801e7a1b0fde27f002f44""},{""@wd:type"":""Position_ID"",""#text"":""WL555070""}]",0,40.00000,"[{""@wd:type"":""WID"",""#text"":""7de2238c96cb1021f052b6e58d4f01ee""},{""@wd:type"":""Position_Time_Type_ID"",""#text"":""Full_time""}]","[{""@wd:type"":""WID"",""#text"":""cc5437fa4b051028376d76b6b9545bb2""},{""@wd:type"":""Location_ID"",""#text"":""AZ - Phoenix""}]","[{""@wd:type"":""WID"",""#text"":""cc5437fa4b051028376d76b6b9545bb2""},{""@wd:type"":""Location_ID"",""#text"":""AZ - Phoenix""}]","[{""@wd:type"":""WID"",""#text"":""cc5437fa4b05102824b3eb44d96c40ce""},{""@wd:type"":""Employee_Type_ID"",""#text"":""Regular""}]","[{""@wd:type"":""WID"",""#text"":""d588c41a446c11de98360015c5e6daf6""},{""@wd:type"":""Worker_Type_ID"",""#text"":""EE""}]","[{""@wd:type"":""WID"",""#text"":""64de2ff1998301ebf3f72a35c700744d""},{""@wd:type"":""Job_Profile_ID"",""#text"":""WLADEX""}]",2020-02-06,2020-02-06,"[{""@wd:type"":""WID"",""#text"":""232c295da09343aea44be6eb390d719f""},{""@wd:type"":""Job_Requisition_Status_ID"",""#text"":""FILLED""}]",2023-06-21 05:53:06.593,2026-02-03 01:08:01.220,
RW1723,,,"[{""@wd:type"":""WID"",""#text"":""b04f45911638103c3ac0218101e705ba""},{""@wd:type"":""Organization_Reference_ID"",""#text"":""Phoenix Land Operations""}]","[{""@wd:type"":""WID"",""#text"":""767d5105e5780195aad5f2e27f002344""},{""@wd:type"":""Position_ID"",""#text"":""WL557206""}]",0,40.00000,"[{""@wd:type"":""WID"",""#text"":""7de2238c96cb1021f052b6e58d4f01ee""},{""@wd:type"":""Position_Time_Type_ID"",""#text"":""Full_time""}]","[{""@wd:type"":""WID"",""#text"":""cc5437fa4b051028376d76b6b9545bb2""},{""@wd:type"":""Location_ID"",""#text"":""AZ - Phoenix""}]","[{""@wd:type"":""WID"",""#text"":""cc5437fa4b051028376d76b6b9545bb2""},{""@wd:type"":""Location_ID"",""#text"":""AZ - Phoenix""}]","[{""@wd:type"":""WID"",""#text"":""cc5437fa4b05102824b3eb44d96c40ce""},{""@wd:type"":""Employee_Type_ID"",""#text"":""Regular""}]","[{""@wd:type"":""WID"",""#text"":""d588c41a446c11de98360015c5e6daf6""},{""@wd:type"":""Worker_Type_ID"",""#text"":""EE""}]","[{""@wd:type"":""WID"",""#text"":""64de2ff1998301ebf3f72a35c700744d""},{""@wd:type"":""Job_Profile_ID"",""#text"":""WLADEX""}]",2020-02-06,2020-02-06,"[{""@wd:type"":""WID"",""#text"":""232c295da09343aea44be6eb390d719f""},{""@wd:type"":""Job_Requisition_Status_ID"",""#text"":""FILLED""}]",2023-06-21 05:53:06.593,2026-02-03 01:08:01.220,
RW1722,,,"[{""@wd:type"":""WID"",""#text"":""cc5437fa4b05102915888c8943896cb6""},{""@wd:type"":""Organization_Reference_ID"",""#text"":""SUP709647""}]","[{""@wd:type"":""WID"",""#text"":""767d5105e578018c331ee8e27f001944""},{""@wd:type"":""Position_ID"",""#text"":""WL557218""}]",0,40.00000,"[{""@wd:type"":""WID"",""#text"":""7de2238c96cb1021f052b6e58d4f01ee""},{""@wd:type"":""Position_Time_Type_ID"",""#text"":""Full_time""}]","[{""@wd:type"":""WID"",""#text"":""cc5437fa4b051028376d76b6b9545bb2""},{""@wd:type"":""Location_ID"",""#text"":""AZ - Phoenix""}]","[{""@wd:type"":""WID"",""#text"":""cc5437fa4b051028376d76b6b9545bb2""},{""@wd:type"":""Location_ID"",""#text"":""AZ - Phoenix""}]","[{""@wd:type"":""WID"",""#text"":""cc5437fa4b05102824b3eb44d96c40ce""},{""@wd:type"":""Employee_Type_ID"",""#text"":""Regular""}]","[{""@wd:type"":""WID"",""#text"":""d588c41a446c11de98360015c5e6daf6""},{""@wd:type"":""Worker_Type_ID"",""#text"":""EE""}]","[{""@wd:type"":""WID"",""#text"":""64de2ff19983016798076952c700c54d""},{""@wd:type"":""Job_Profile_ID"",""#text"":""WLADNE""}]",2020-02-06,2020-02-06,"[{""@wd:type"":""WID"",""#text"":""232c295da09343aea44be6eb390d719f""},{""@wd:type"":""Job_Requisition_Status_ID"",""#text"":""FILLED""}]",2023-06-21 05:53:06.593,2026-02-03 01:08:01.220,
RW1721,,,"[{""@wd:type"":""WID"",""#text"":""b04f45911638103c3ac0218101e705ba""},{""@wd:type"":""Organization_Reference_ID"",""#text"":""Phoenix Land Operations""}]","[{""@wd:type"":""WID"",""#text"":""767d5105e57801f19be4dde27f000d44""},{""@wd:type"":""Position_ID"",""#text"":""WL558415""}]",0,40.00000,"[{""@wd:type"":""WID"",""#text"":""7de2238c96cb1021f052b6e58d4f01ee""},{""@wd:type"":""Position_Time_Type_ID"",""#text"":""Full_time""}]","[{""@wd:type"":""WID"",""#text"":""cc5437fa4b051028376d76b6b9545bb2""},{""@wd:type"":""Location_ID"",""#text"":""AZ - Phoenix""}]","[{""@wd:type"":""WID"",""#text"":""cc5437fa4b051028376d76b6b9545bb2""},{""@wd:type"":""Location_ID"",""#text"":""AZ - Phoenix""}]","[{""@wd:type"":""WID"",""#text"":""cc5437fa4b05102824b3eb44d96c40ce""},{""@wd:type"":""Employee_Type_ID"",""#text"":""Regular""}]","[{""@wd:type"":""WID"",""#text"":""d588c41a446c11de98360015c5e6daf6""},{""@wd:type"":""Worker_Type_ID"",""#text"":""EE""}]","[{""@wd:type"":""WID"",""#text"":""64de2ff1998301ebf3f72a35c700744d""},{""@wd:type"":""Job_Profile_ID"",""#text"":""WLADEX""}]",2020-02-06,2020-02-06,"[{""@wd:type"":""WID"",""#text"":""232c295da09343aea44be6eb390d719f""},{""@wd:type"":""Job_Requisition_Status_ID"",""#text"":""FILLED""}]",2023-06-21 05:53:06.593,2026-02-03 01:08:01.220,
RW1720,,,"[{""@wd:type"":""WID"",""#text"":""4e88f5c44fb401e1f02c63881aa54d40""},{""@wd:type"":""Organization_Reference_ID"",""#text"":""SUP-ORG-308""}]","[{""@wd:type"":""WID"",""#text"":""767d5105e57801816855d3e27f000344""},{""@wd:type"":""Position_ID"",""#text"":""WL557291""}]",0,40.00000,"[{""@wd:type"":""WID"",""#text"":""7de2238c96cb1021f052b6e58d4f01ee""},{""@wd:type"":""Position_Time_Type_ID"",""#text"":""Full_time""}]","[{""@wd:type"":""WID"",""#text"":""cc5437fa4b051028376d76b6b9545bb2""},{""@wd:type"":""Location_ID"",""#text"":""AZ - Phoenix""}]","[{""@wd:type"":""WID"",""#text"":""cc5437fa4b051028376d76b6b9545bb2""},{""@wd:type"":""Location_ID"",""#text"":""AZ - Phoenix""}]","[{""@wd:type"":""WID"",""#text"":""cc5437fa4b05102824b3eb44d96c40ce""},{""@wd:type"":""Employee_Type_ID"",""#text"":""Regular""}]","[{""@wd:type"":""WID"",""#text"":""d588c41a446c11de98360015c5e6daf6""},{""@wd:type"":""Worker_Type_ID"",""#text"":""EE""}]","[{""@wd:type"":""WID"",""#text"":""64de2ff1998301ebf3f72a35c700744d""},{""@wd:type"":""Job_Profile_ID"",""#text"":""WLADEX""}]",2020-02-06,2020-02-06,"[{""@wd:type"":""WID"",""#text"":""232c295da09343aea44be6eb390d719f""},{""@wd:type"":""Job_Requisition_Status_ID"",""#text"":""FILLED""}]",2023-06-21 05:53:06.593,2026-02-03 01:08:01.220,
RW1719,,,"[{""@wd:type"":""WID"",""#text"":""cc5437fa4b05102915888c8943896cb6""},{""@wd:type"":""Organization_Reference_ID"",""#text"":""SUP709647""}]","[{""@wd:type"":""WID"",""#text"":""767d5105e578014ac4a2c8e27f00f943""},{""@wd:type"":""Position_ID"",""#text"":""WL558407""}]",0,40.00000,"[{""@wd:type"":""WID"",""#text"":""7de2238c96cb1021f052b6e58d4f01ee""},{""@wd:type"":""Position_Time_Type_ID"",""#text"":""Full_time""}]","[{""@wd:type"":""WID"",""#text"":""cc5437fa4b051028376d76b6b9545bb2""},{""@wd:type"":""Location_ID"",""#text"":""AZ - Phoenix""}]","[{""@wd:type"":""WID"",""#text"":""cc5437fa4b051028376d76b6b9545bb2""},{""@wd:type"":""Location_ID"",""#text"":""AZ - Phoenix""}]","[{""@wd:type"":""WID"",""#text"":""cc5437fa4b05102824b3eb44d96c40ce""},{""@wd:type"":""Employee_Type_ID"",""#text"":""Regular""}]","[{""@wd:type"":""WID"",""#text"":""d588c41a446c11de98360015c5e6daf6""},{""@wd:type"":""Worker_Type_ID"",""#text"":""EE""}]","[{""@wd:type"":""WID"",""#text"":""64de2ff19983016798076952c700c54d""},{""@wd:type"":""Job_Profile_ID"",""#text"":""WLADNE""}]",2020-02-06,2020-02-06,"[{""@wd:type"":""WID"",""#text"":""232c295da09343aea44be6eb390d719f""},{""@wd:type"":""Job_Requisition_Status_ID"",""#text"":""FILLED""}]",2023-06-21 05:53:06.593,2026-02-03 01:08:01.220,
RW1718,,,"[{""@wd:type"":""WID"",""#text"":""1e0e0f177e3001daff59f3baa7174e6f""},{""@wd:type"":""Organization_Reference_ID"",""#text"":""SUP-ORG-443""}]","[{""@wd:type"":""WID"",""#text"":""767d5105e57801cb3ea5bee27f00ed43""},{""@wd:type"":""Position_ID"",""#text"":""WL557874""}]",0,40.00000,"[{""@wd:type"":""WID"",""#text"":""7de2238c96cb1021f052b6e58d4f01ee""},{""@wd:type"":""Position_Time_Type_ID"",""#text"":""Full_time""}]","[{""@wd:type"":""WID"",""#text"":""cc5437fa4b051028376d76b6b9545bb2""},{""@wd:type"":""Location_ID"",""#text"":""AZ - Phoenix""}]","[{""@wd:type"":""WID"",""#text"":""cc5437fa4b051028376d76b6b9545bb2""},{""@wd:type"":""Location_ID"",""#text"":""AZ - Phoenix""}]","[{""@wd:type"":""WID"",""#text"":""cc5437fa4b05102824b3eb44d96c40ce""},{""@wd:type"":""Employee_Type_ID"",""#text"":""Regular""}]","[{""@wd:type"":""WID"",""#text"":""d588c41a446c11de98360015c5e6daf6""},{""@wd:type"":""Worker_Type_ID"",""#text"":""EE""}]","[{""@wd:type"":""WID"",""#text"":""64de2ff19983016798076952c700c54d""},{""@wd:type"":""Job_Profile_ID"",""#text"":""WLADNE""}]",2020-02-06,2020-02-06,"[{""@wd:type"":""WID"",""#text"":""232c295da09343aea44be6eb390d719f""},{""@wd:type"":""Job_Requisition_Status_ID"",""#text"":""FILLED""}]",2023-06-21 05:53:06.593,2026-02-03 01:08:01.220,
RW1717,,,"[{""@wd:type"":""WID"",""#text"":""cc5437fa4b0510291586735ea8ca6b0b""},{""@wd:type"":""Organization_Reference_ID"",""#text"":""Denver Operations""}]","[{""@wd:type"":""WID"",""#text"":""767d5105e57801fe14cb96ca7800142d""},{""@wd:type"":""Position_ID"",""#text"":""WL557279""}]",0,40.00000,"[{""@wd:type"":""WID"",""#text"":""7de2238c96cb1021f052b6e58d4f01ee""},{""@wd:type"":""Position_Time_Type_ID"",""#text"":""Full_time""}]","[{""@wd:type"":""WID"",""#text"":""cc5437fa4b051028376d81e7fdb95bcd""},{""@wd:type"":""Location_ID"",""#text"":""CO - Englewood""}]","[{""@wd:type"":""WID"",""#text"":""cc5437fa4b051028376d81e7fdb95bcd""},{""@wd:type"":""Location_ID"",""#text"":""CO - Englewood""}]","[{""@wd:type"":""WID"",""#text"":""cc5437fa4b05102824b3eb44d96c40ce""},{""@wd:type"":""Employee_Type_ID"",""#text"":""Regular""}]","[{""@wd:type"":""WID"",""#text"":""d588c41a446c11de98360015c5e6daf6""},{""@wd:type"":""Worker_Type_ID"",""#text"":""EE""}]","[{""@wd:type"":""WID"",""#text"":""64de2ff1998301ebf3f72a35c700744d""},{""@wd:type"":""Job_Profile_ID"",""#text"":""WLADEX""}]",2020-02-06,2020-02-06,"[{""@wd:type"":""WID"",""#text"":""232c295da09343aea44be6eb390d719f""},{""@wd:type"":""Job_Requisition_Status_ID"",""#text"":""FILLED""}]",2023-06-21 05:53:06.593,2026-02-03 01:08:01.220,
RW1716,,,"[{""@wd:type"":""WID"",""#text"":""94e5cb5242970160fbbc5487f9820860""},{""@wd:type"":""Organization_Reference_ID"",""#text"":""Denver Purchasing Team""}]","[{""@wd:type"":""WID"",""#text"":""767d5105e57801a9dd878cca7800082d""},{""@wd:type"":""Position_ID"",""#text"":""WL557957""}]",0,40.00000,"[{""@wd:type"":""WID"",""#text"":""7de2238c96cb1021f052b6e58d4f01ee""},{""@wd:type"":""Position_Time_Type_ID"",""#text"":""Full_time""}]","[{""@wd:type"":""WID"",""#text"":""cc5437fa4b051028376d81e7fdb95bcd""},{""@wd:type"":""Location_ID"",""#text"":""CO - Englewood""}]","[{""@wd:type"":""WID"",""#text"":""cc5437fa4b051028376d81e7fdb95bcd""},{""@wd:type"":""Location_ID"",""#text"":""CO - Englewood""}]","[{""@wd:type"":""WID"",""#text"":""cc5437fa4b05102824b3eb44d96c40ce""},{""@wd:type"":""Employee_Type_ID"",""#text"":""Regular""}]","[{""@wd:type"":""WID"",""#text"":""d588c41a446c11de98360015c5e6daf6""},{""@wd:type"":""Worker_Type_ID"",""#text"":""EE""}]","[{""@wd:type"":""WID"",""#text"":""64de2ff1998301ebf3f72a35c700744d""},{""@wd:type"":""Job_Profile_ID"",""#text"":""WLADEX""}]",2020-02-06,2020-02-06,"[{""@wd:type"":""WID"",""#text"":""232c295da09343aea44be6eb390d719f""},{""@wd:type"":""Job_Requisition_Status_ID"",""#text"":""FILLED""}]",2023-06-21 05:53:06.593,2026-02-03 01:08:01.220,
RW1715,,,"[{""@wd:type"":""WID"",""#text"":""099af8ca386801fc42aa88666001cecc""},{""@wd:type"":""Organization_Reference_ID"",""#text"":""Denver Land Development""}]","[{""@wd:type"":""WID"",""#text"":""767d5105e578010d368881ca7800fc2c""},{""@wd:type"":""Position_ID"",""#text"":""WL558502""}]",0,40.00000,"[{""@wd:type"":""WID"",""#text"":""7de2238c96cb1021f052b6e58d4f01ee""},{""@wd:type"":""Position_Time_Type_ID"",""#text"":""Full_time""}]","[{""@wd:type"":""WID"",""#text"":""cc5437fa4b051028376d81e7fdb95bcd""},{""@wd:type"":""Location_ID"",""#text"":""CO - Englewood""}]","[{""@wd:type"":""WID"",""#text"":""cc5437fa4b051028376d81e7fdb95bcd""},{""@wd:type"":""Location_ID"",""#text"":""CO - Englewood""}]","[{""@wd:type"":""WID"",""#text"":""cc5437fa4b05102824b3eb44d96c40ce""},{""@wd:type"":""Employee_Type_ID"",""#text"":""Regular""}]","[{""@wd:type"":""WID"",""#text"":""d588c41a446c11de98360015c5e6daf6""},{""@wd:type"":""Worker_Type_ID"",""#text"":""EE""}]","[{""@wd:type"":""WID"",""#text"":""64de2ff1998301ebf3f72a35c700744d""},{""@wd:type"":""Job_Profile_ID"",""#text"":""WLADEX""}]",2020-02-06,2020-02-06,"[{""@wd:type"":""WID"",""#text"":""232c295da09343aea44be6eb390d719f""},{""@wd:type"":""Job_Requisition_Status_ID"",""#text"":""FILLED""}]",2023-06-21 05:53:06.593,2026-02-03 01:08:01.220,
RW1714,,,"[{""@wd:type"":""WID"",""#text"":""099af8ca3868010946553c845f019ccb""},{""@wd:type"":""Organization_Reference_ID"",""#text"":""Denver Controller""}]","[{""@wd:type"":""WID"",""#text"":""767d5105e57801d626a677ca7800f02c""},{""@wd:type"":""Position_ID"",""#text"":""WL558002""}]",0,40.00000,"[{""@wd:type"":""WID"",""#text"":""7de2238c96cb1021f052b6e58d4f01ee""},{""@wd:type"":""Position_Time_Type_ID"",""#text"":""Full_time""}]","[{""@wd:type"":""WID"",""#text"":""cc5437fa4b051028376d81e7fdb95bcd""},{""@wd:type"":""Location_ID"",""#text"":""CO - Englewood""}]","[{""@wd:type"":""WID"",""#text"":""cc5437fa4b051028376d81e7fdb95bcd""},{""@wd:type"":""Location_ID"",""#text"":""CO - Englewood""}]","[{""@wd:type"":""WID"",""#text"":""cc5437fa4b05102824b3eb44d96c40ce""},{""@wd:type"":""Employee_Type_ID"",""#text"":""Regular""}]","[{""@wd:type"":""WID"",""#text"":""d588c41a446c11de98360015c5e6daf6""},{""@wd:type"":""Worker_Type_ID"",""#text"":""EE""}]","[{""@wd:type"":""WID"",""#text"":""64de2ff19983016798076952c700c54d""},{""@wd:type"":""Job_Profile_ID"",""#text"":""WLADNE""}]",2020-02-06,2020-02-06,"[{""@wd:type"":""WID"",""#text"":""232c295da09343aea44be6eb390d719f""},{""@wd:type"":""Job_Requisition_Status_ID"",""#text"":""FILLED""}]",2023-06-21 05:53:06.593,2026-02-03 01:08:01.220,
RW1713,,,"[{""@wd:type"":""WID"",""#text"":""099af8ca3868010946553c845f019ccb""},{""@wd:type"":""Organization_Reference_ID"",""#text"":""Denver Controller""}]","[{""@wd:type"":""WID"",""#text"":""767d5105e578012df4356dca7800e42c""},{""@wd:type"":""Position_ID"",""#text"":""WL557359""}]",0,40.00000,"[{""@wd:type"":""WID"",""#text"":""7de2238c96cb1021f052b6e58d4f01ee""},{""@wd:type"":""Position_Time_Type_ID"",""#text"":""Full_time""}]","[{""@wd:type"":""WID"",""#text"":""cc5437fa4b051028376d81e7fdb95bcd""},{""@wd:type"":""Location_ID"",""#text"":""CO - Englewood""}]","[{""@wd:type"":""WID"",""#text"":""cc5437fa4b051028376d81e7fdb95bcd""},{""@wd:type"":""Location_ID"",""#text"":""CO - Englewood""}]","[{""@wd:type"":""WID"",""#text"":""cc5437fa4b05102824b3eb44d96c40ce""},{""@wd:type"":""Employee_Type_ID"",""#text"":""Regular""}]","[{""@wd:type"":""WID"",""#text"":""d588c41a446c11de98360015c5e6daf6""},{""@wd:type"":""Worker_Type_ID"",""#text"":""EE""}]","[{""@wd:type"":""WID"",""#text"":""64de2ff19983016798076952c700c54d""},{""@wd:type"":""Job_Profile_ID"",""#text"":""WLADNE""}]",2020-02-06,2020-02-06,"[{""@wd:type"":""WID"",""#text"":""232c295da09343aea44be6eb390d719f""},{""@wd:type"":""Job_Requisition_Status_ID"",""#text"":""FILLED""}]",2023-06-21 05:53:06.593,2026-02-03 01:08:01.220,
RW1712,,,"[{""@wd:type"":""WID"",""#text"":""31786e1dc5af1049951d019d53a300da""},{""@wd:type"":""Organization_Reference_ID"",""#text"":""Treasury & Accounts Payable Operations""}]","[{""@wd:type"":""WID"",""#text"":""767d5105e5780109372c6d24d000c65e""},{""@wd:type"":""Position_ID"",""#text"":""WL558658""}]",0,40.00000,"[{""@wd:type"":""WID"",""#text"":""7de2238c96cb1021f052b6e58d4f01ee""},{""@wd:type"":""Position_Time_Type_ID"",""#text"":""Full_time""}]","[{""@wd:type"":""WID"",""#text"":""cc5437fa4b051028376d7a8425f35bbb""},{""@wd:type"":""Location_ID"",""#text"":""AZ - Scottsdale""}]","[{""@wd:type"":""WID"",""#text"":""cc5437fa4b051028376d7a8425f35bbb""},{""@wd:type"":""Location_ID"",""#text"":""AZ - Scottsdale""}]","[{""@wd:type"":""WID"",""#text"":""cc5437fa4b05102824b3eb44d96c40ce""},{""@wd:type"":""Employee_Type_ID"",""#text"":""Regular""}]","[{""@wd:type"":""WID"",""#text"":""d588c41a446c11de98360015c5e6daf6""},{""@wd:type"":""Worker_Type_ID"",""#text"":""EE""}]","[{""@wd:type"":""WID"",""#text"":""64de2ff19983016798076952c700c54d""},{""@wd:type"":""Job_Profile_ID"",""#text"":""WLADNE""}]",2020-02-06,2020-02-06,"[{""@wd:type"":""WID"",""#text"":""232c295da09343aea44be6eb390d719f""},{""@wd:type"":""Job_Requisition_Status_ID"",""#text"":""FILLED""}]",2023-06-21 05:53:06.593,2026-02-03 01:08:01.220,
RW1710,,,"[{""@wd:type"":""WID"",""#text"":""099af8ca386801793e9c6c6cff01193c""},{""@wd:type"":""Organization_Reference_ID"",""#text"":""Information Technology Support Ops""}]","[{""@wd:type"":""WID"",""#text"":""767d5105e57801b615416224d000ba5e""},{""@wd:type"":""Position_ID"",""#text"":""WL558483""}]",0,40.00000,"[{""@wd:type"":""WID"",""#text"":""7de2238c96cb1021f052b6e58d4f01ee""},{""@wd:type"":""Position_Time_Type_ID"",""#text"":""Full_time""}]","[{""@wd:type"":""WID"",""#text"":""cc5437fa4b051028376d7a8425f35bbb""},{""@wd:type"":""Location_ID"",""#text"":""AZ - Scottsdale""}]","[{""@wd:type"":""WID"",""#text"":""cc5437fa4b051028376d7a8425f35bbb""},{""@wd:type"":""Location_ID"",""#text"":""AZ - Scottsdale""}]","[{""@wd:type"":""WID"",""#text"":""cc5437fa4b05102824b3eb44d96c40ce""},{""@wd:type"":""Employee_Type_ID"",""#text"":""Regular""}]","[{""@wd:type"":""WID"",""#text"":""d588c41a446c11de98360015c5e6daf6""},{""@wd:type"":""Worker_Type_ID"",""#text"":""EE""}]","[{""@wd:type"":""WID"",""#text"":""64de2ff1998301ebf3f72a35c700744d""},{""@wd:type"":""Job_Profile_ID"",""#text"":""WLADEX""}]",2020-02-06,2020-02-06,"[{""@wd:type"":""WID"",""#text"":""232c295da09343aea44be6eb390d719f""},{""@wd:type"":""Job_Requisition_Status_ID"",""#text"":""FILLED""}]",2023-06-21 05:53:06.593,2026-02-03 01:08:01.220,
RW1709,,,"[{""@wd:type"":""WID"",""#text"":""099af8ca386801793e9c6c6cff01193c""},{""@wd:type"":""Organization_Reference_ID"",""#text"":""Information Technology Support Ops""}]","[{""@wd:type"":""WID"",""#text"":""767d5105e57801e3ad3d5724d000ae5e""},{""@wd:type"":""Position_ID"",""#text"":""WL558453""}]",0,40.00000,"[{""@wd:type"":""WID"",""#text"":""7de2238c96cb1021f052b6e58d4f01ee""},{""@wd:type"":""Position_Time_Type_ID"",""#text"":""Full_time""}]","[{""@wd:type"":""WID"",""#text"":""cc5437fa4b051028376d7a8425f35bbb""},{""@wd:type"":""Location_ID"",""#text"":""AZ - Scottsdale""}]","[{""@wd:type"":""WID"",""#text"":""cc5437fa4b051028376d7a8425f35bbb""},{""@wd:type"":""Location_ID"",""#text"":""AZ - Scottsdale""}]","[{""@wd:type"":""WID"",""#text"":""cc5437fa4b05102824b3eb44d96c40ce""},{""@wd:type"":""Employee_Type_ID"",""#text"":""Regular""}]","[{""@wd:type"":""WID"",""#text"":""d588c41a446c11de98360015c5e6daf6""},{""@wd:type"":""Worker_Type_ID"",""#text"":""EE""}]","[{""@wd:type"":""WID"",""#text"":""64de2ff1998301ebf3f72a35c700744d""},{""@wd:type"":""Job_Profile_ID"",""#text"":""WLADEX""}]",2020-02-06,2020-02-06,"[{""@wd:type"":""WID"",""#text"":""232c295da09343aea44be6eb390d719f""},{""@wd:type"":""Job_Requisition_Status_ID"",""#text"":""FILLED""}]",2023-06-21 05:53:06.593,2026-02-03 01:08:01.220,
RW1708,,,"[{""@wd:type"":""WID"",""#text"":""cc5437fa4b05102915863b63af406ad2""},{""@wd:type"":""Organization_Reference_ID"",""#text"":""SUP709626""}]","[{""@wd:type"":""WID"",""#text"":""767d5105e5780165995a4c24d000a25e""},{""@wd:type"":""Position_ID"",""#text"":""WL555757""}]",0,40.00000,"[{""@wd:type"":""WID"",""#text"":""7de2238c96cb1021f052b6e58d4f01ee""},{""@wd:type"":""Position_Time_Type_ID"",""#text"":""Full_time""}]","[{""@wd:type"":""WID"",""#text"":""cc5437fa4b051028376d7a8425f35bbb""},{""@wd:type"":""Location_ID"",""#text"":""AZ - Scottsdale""}]","[{""@wd:type"":""WID"",""#text"":""cc5437fa4b051028376d7a8425f35bbb""},{""@wd:type"":""Location_ID"",""#text"":""AZ - Scottsdale""}]","[{""@wd:type"":""WID"",""#text"":""cc5437fa4b05102824b3eb44d96c40ce""},{""@wd:type"":""Employee_Type_ID"",""#text"":""Regular""}]","[{""@wd:type"":""WID"",""#text"":""d588c41a446c11de98360015c5e6daf6""},{""@wd:type"":""Worker_Type_ID"",""#text"":""EE""}]","[{""@wd:type"":""WID"",""#text"":""64de2ff1998301ebf3f72a35c700744d""},{""@wd:type"":""Job_Profile_ID"",""#text"":""WLADEX""}]",2020-02-06,2020-02-06,"[{""@wd:type"":""WID"",""#text"":""232c295da09343aea44be6eb390d719f""},{""@wd:type"":""Job_Requisition_Status_ID"",""#text"":""FILLED""}]",2023-06-21 05:53:06.593,2026-02-03 01:08:01.220,
RW1707,,,"[{""@wd:type"":""WID"",""#text"":""cc5437fa4b051029158633b3cd286ac9""},{""@wd:type"":""Organization_Reference_ID"",""#text"":""SUP709788""}]","[{""@wd:type"":""WID"",""#text"":""767d5105e5780141e42d4224d000945e""},{""@wd:type"":""Position_ID"",""#text"":""WL557404""}]",0,40.00000,"[{""@wd:type"":""WID"",""#text"":""7de2238c96cb1021f052b6e58d4f01ee""},{""@wd:type"":""Position_Time_Type_ID"",""#text"":""Full_time""}]","[{""@wd:type"":""WID"",""#text"":""cc5437fa4b051028376d7a8425f35bbb""},{""@wd:type"":""Location_ID"",""#text"":""AZ - Scottsdale""}]","[{""@wd:type"":""WID"",""#text"":""cc5437fa4b051028376d7a8425f35bbb""},{""@wd:type"":""Location_ID"",""#text"":""AZ - Scottsdale""}]","[{""@wd:type"":""WID"",""#text"":""cc5437fa4b05102824b3eb44d96c40ce""},{""@wd:type"":""Employee_Type_ID"",""#text"":""Regular""}]","[{""@wd:type"":""WID"",""#text"":""d588c41a446c11de98360015c5e6daf6""},{""@wd:type"":""Worker_Type_ID"",""#text"":""EE""}]","[{""@wd:type"":""WID"",""#text"":""64de2ff1998301ebf3f72a35c700744d""},{""@wd:type"":""Job_Profile_ID"",""#text"":""WLADEX""}]",2020-02-06,2020-02-06,"[{""@wd:type"":""WID"",""#text"":""8ce1be24e0e743929d9ae78aa55bad04""},{""@wd:type"":""Job_Requisition_Status_ID"",""#text"":""CLOSED""}]",2023-06-21 05:53:06.593,2026-02-03 01:08:01.220,
RW1706,,,"[{""@wd:type"":""WID"",""#text"":""099af8ca3868018bbbf1df04ff01df3a""},{""@wd:type"":""Organization_Reference_ID"",""#text"":""People Services Partners A""}]","[{""@wd:type"":""WID"",""#text"":""767d5105e578018c55ec3724d000885e""},{""@wd:type"":""Position_ID"",""#text"":""WL558114""}]",0,40.00000,"[{""@wd:type"":""WID"",""#text"":""7de2238c96cb1021f052b6e58d4f01ee""},{""@wd:type"":""Position_Time_Type_ID"",""#text"":""Full_time""}]","[{""@wd:type"":""WID"",""#text"":""cc5437fa4b051028376d7a8425f35bbb""},{""@wd:type"":""Location_ID"",""#text"":""AZ - Scottsdale""}]","[{""@wd:type"":""WID"",""#text"":""cc5437fa4b051028376d7a8425f35bbb""},{""@wd:type"":""Location_ID"",""#text"":""AZ - Scottsdale""}]","[{""@wd:type"":""WID"",""#text"":""cc5437fa4b05102824b3eb44d96c40ce""},{""@wd:type"":""Employee_Type_ID"",""#text"":""Regular""}]","[{""@wd:type"":""WID"",""#text"":""d588c41a446c11de98360015c5e6daf6""},{""@wd:type"":""Worker_Type_ID"",""#text"":""EE""}]","[{""@wd:type"":""WID"",""#text"":""64de2ff1998301ebf3f72a35c700744d""},{""@wd:type"":""Job_Profile_ID"",""#text"":""WLADEX""}]",2020-02-06,2020-02-06,"[{""@wd:type"":""WID"",""#text"":""232c295da09343aea44be6eb390d719f""},{""@wd:type"":""Job_Requisition_Status_ID"",""#text"":""FILLED""}]",2023-06-21 05:53:06.593,2026-02-03 01:08:01.220,
RW1704,,,"[{""@wd:type"":""WID"",""#text"":""cc5437fa4b0510291586525a35526ae4""},{""@wd:type"":""Organization_Reference_ID"",""#text"":""SUP708787""}]","[{""@wd:type"":""WID"",""#text"":""767d5105e57801b2b19f2d24d0007c5e""},{""@wd:type"":""Position_ID"",""#text"":""WL557477""}]",0,40.00000,"[{""@wd:type"":""WID"",""#text"":""7de2238c96cb1021f052b6e58d4f01ee""},{""@wd:type"":""Position_Time_Type_ID"",""#text"":""Full_time""}]","[{""@wd:type"":""WID"",""#text"":""cc5437fa4b051028376d7a8425f35bbb""},{""@wd:type"":""Location_ID"",""#text"":""AZ - Scottsdale""}]","[{""@wd:type"":""WID"",""#text"":""cc5437fa4b051028376d7a8425f35bbb""},{""@wd:type"":""Location_ID"",""#text"":""AZ - Scottsdale""}]","[{""@wd:type"":""WID"",""#text"":""cc5437fa4b05102824b3eb44d96c40ce""},{""@wd:type"":""Employee_Type_ID"",""#text"":""Regular""}]","[{""@wd:type"":""WID"",""#text"":""d588c41a446c11de98360015c5e6daf6""},{""@wd:type"":""Worker_Type_ID"",""#text"":""EE""}]","[{""@wd:type"":""WID"",""#text"":""64de2ff19983016798076952c700c54d""},{""@wd:type"":""Job_Profile_ID"",""#text"":""WLADNE""}]",2020-02-06,2020-02-06,"[{""@wd:type"":""WID"",""#text"":""232c295da09343aea44be6eb390d719f""},{""@wd:type"":""Job_Requisition_Status_ID"",""#text"":""FILLED""}]",2023-06-21 05:53:06.593,2026-02-03 01:08:01.220,
RW1703,,,"[{""@wd:type"":""WID"",""#text"":""099af8ca3868017c2873fb3cff01d23b""},{""@wd:type"":""Organization_Reference_ID"",""#text"":""Total Rewards Compensation Support""}]","[{""@wd:type"":""WID"",""#text"":""767d5105e578014c47282224d000705e""},{""@wd:type"":""Position_ID"",""#text"":""WL556128""}]",0,40.00000,"[{""@wd:type"":""WID"",""#text"":""7de2238c96cb1021f052b6e58d4f01ee""},{""@wd:type"":""Position_Time_Type_ID"",""#text"":""Full_time""}]","[{""@wd:type"":""WID"",""#text"":""cc5437fa4b051028376d7a8425f35bbb""},{""@wd:type"":""Location_ID"",""#text"":""AZ - Scottsdale""}]","[{""@wd:type"":""WID"",""#text"":""cc5437fa4b051028376d7a8425f35bbb""},{""@wd:type"":""Location_ID"",""#text"":""AZ - Scottsdale""}]","[{""@wd:type"":""WID"",""#text"":""cc5437fa4b05102824b3eb44d96c40ce""},{""@wd:type"":""Employee_Type_ID"",""#text"":""Regular""}]","[{""@wd:type"":""WID"",""#text"":""d588c41a446c11de98360015c5e6daf6""},{""@wd:type"":""Worker_Type_ID"",""#text"":""EE""}]","[{""@wd:type"":""WID"",""#text"":""64de2ff19983016798076952c700c54d""},{""@wd:type"":""Job_Profile_ID"",""#text"":""WLADNE""}]",2020-02-06,2020-02-06,"[{""@wd:type"":""WID"",""#text"":""232c295da09343aea44be6eb390d719f""},{""@wd:type"":""Job_Requisition_Status_ID"",""#text"":""FILLED""}]",2023-06-21 05:53:06.593,2026-02-03 01:08:01.220,
RW1702,,,"[{""@wd:type"":""WID"",""#text"":""cc5437fa4b05102915868f7d0fd46b2c""},{""@wd:type"":""Organization_Reference_ID"",""#text"":""SUP709396""}]","[{""@wd:type"":""WID"",""#text"":""767d5105e578018ead801724d000625e""},{""@wd:type"":""Position_ID"",""#text"":""WL558563""}]",0,40.00000,"[{""@wd:type"":""WID"",""#text"":""7de2238c96cb1021f052b6e58d4f01ee""},{""@wd:type"":""Position_Time_Type_ID"",""#text"":""Full_time""}]","[{""@wd:type"":""WID"",""#text"":""cc5437fa4b051028376d7a8425f35bbb""},{""@wd:type"":""Location_ID"",""#text"":""AZ - Scottsdale""}]","[{""@wd:type"":""WID"",""#text"":""cc5437fa4b051028376d7a8425f35bbb""},{""@wd:type"":""Location_ID"",""#text"":""AZ - Scottsdale""}]","[{""@wd:type"":""WID"",""#text"":""cc5437fa4b05102824b3eb44d96c40ce""},{""@wd:type"":""Employee_Type_ID"",""#text"":""Regular""}]","[{""@wd:type"":""WID"",""#text"":""d588c41a446c11de98360015c5e6daf6""},{""@wd:type"":""Worker_Type_ID"",""#text"":""EE""}]","[{""@wd:type"":""WID"",""#text"":""64de2ff1998301ebf3f72a35c700744d""},{""@wd:type"":""Job_Profile_ID"",""#text"":""WLADEX""}]",2020-02-06,2020-02-06,"[{""@wd:type"":""WID"",""#text"":""232c295da09343aea44be6eb390d719f""},{""@wd:type"":""Job_Requisition_Status_ID"",""#text"":""FILLED""}]",2023-06-21 05:53:06.593,2026-02-03 01:08:01.220,
RW1701,,,"[{""@wd:type"":""WID"",""#text"":""cc5437fa4b0510291586dd8393236b9e""},{""@wd:type"":""Organization_Reference_ID"",""#text"":""Denver Purchasing Operations""}]","[{""@wd:type"":""WID"",""#text"":""767d5105e5780155782263ca7800d82c""},{""@wd:type"":""Position_ID"",""#text"":""WL558085""}]",0,40.00000,"[{""@wd:type"":""WID"",""#text"":""7de2238c96cb1021f052b6e58d4f01ee""},{""@wd:type"":""Position_Time_Type_ID"",""#text"":""Full_time""}]","[{""@wd:type"":""WID"",""#text"":""cc5437fa4b051028376d81e7fdb95bcd""},{""@wd:type"":""Location_ID"",""#text"":""CO - Englewood""}]","[{""@wd:type"":""WID"",""#text"":""cc5437fa4b051028376d81e7fdb95bcd""},{""@wd:type"":""Location_ID"",""#text"":""CO - Englewood""}]","[{""@wd:type"":""WID"",""#text"":""cc5437fa4b05102824b3eb44d96c40ce""},{""@wd:type"":""Employee_Type_ID"",""#text"":""Regular""}]","[{""@wd:type"":""WID"",""#text"":""d588c41a446c11de98360015c5e6daf6""},{""@wd:type"":""Worker_Type_ID"",""#text"":""EE""}]","[{""@wd:type"":""WID"",""#text"":""64de2ff19983016798076952c700c54d""},{""@wd:type"":""Job_Profile_ID"",""#text"":""WLADNE""}]",2020-02-06,2020-02-06,"[{""@wd:type"":""WID"",""#text"":""232c295da09343aea44be6eb390d719f""},{""@wd:type"":""Job_Requisition_Status_ID"",""#text"":""FILLED""}]",2023-06-21 05:53:06.593,2026-02-03 01:08:01.220,
RW1700,,,"[{""@wd:type"":""WID"",""#text"":""099af8ca386801163a8ac4ccff017d3c""},{""@wd:type"":""Organization_Reference_ID"",""#text"":""Information Technology Support Ops A""}]","[{""@wd:type"":""WID"",""#text"":""767d5105e57801643b620c24d000565e""},{""@wd:type"":""Position_ID"",""#text"":""WL558480""}]",0,40.00000,"[{""@wd:type"":""WID"",""#text"":""7de2238c96cb1021f052b6e58d4f01ee""},{""@wd:type"":""Position_Time_Type_ID"",""#text"":""Full_time""}]","[{""@wd:type"":""WID"",""#text"":""cc5437fa4b051028376d7a8425f35bbb""},{""@wd:type"":""Location_ID"",""#text"":""AZ - Scottsdale""}]","[{""@wd:type"":""WID"",""#text"":""cc5437fa4b051028376d7a8425f35bbb""},{""@wd:type"":""Location_ID"",""#text"":""AZ - Scottsdale""}]","[{""@wd:type"":""WID"",""#text"":""cc5437fa4b05102824b3eb44d96c40ce""},{""@wd:type"":""Employee_Type_ID"",""#text"":""Regular""}]","[{""@wd:type"":""WID"",""#text"":""d588c41a446c11de98360015c5e6daf6""},{""@wd:type"":""Worker_Type_ID"",""#text"":""EE""}]","[{""@wd:type"":""WID"",""#text"":""64de2ff1998301ebf3f72a35c700744d""},{""@wd:type"":""Job_Profile_ID"",""#text"":""WLADEX""}]",2020-02-06,2020-02-06,"[{""@wd:type"":""WID"",""#text"":""232c295da09343aea44be6eb390d719f""},{""@wd:type"":""Job_Requisition_Status_ID"",""#text"":""FILLED""}]",2023-06-21 05:53:06.593,2026-02-03 01:08:01.220,
RW1699,,,"[{""@wd:type"":""WID"",""#text"":""9c7619ba46c101b95c183db3f5516f52""},{""@wd:type"":""Organization_Reference_ID"",""#text"":""People Services L&D Operations""}]","[{""@wd:type"":""WID"",""#text"":""767d5105e57801f6676f0124d0004a5e""},{""@wd:type"":""Position_ID"",""#text"":""WL558360""}]",0,40.00000,"[{""@wd:type"":""WID"",""#text"":""7de2238c96cb1021f052b6e58d4f01ee""},{""@wd:type"":""Position_Time_Type_ID"",""#text"":""Full_time""}]","[{""@wd:type"":""WID"",""#text"":""cc5437fa4b051028376d7a8425f35bbb""},{""@wd:type"":""Location_ID"",""#text"":""AZ - Scottsdale""}]","[{""@wd:type"":""WID"",""#text"":""cc5437fa4b051028376d7a8425f35bbb""},{""@wd:type"":""Location_ID"",""#text"":""AZ - Scottsdale""}]","[{""@wd:type"":""WID"",""#text"":""cc5437fa4b05102824b3eb44d96c40ce""},{""@wd:type"":""Employee_Type_ID"",""#text"":""Regular""}]","[{""@wd:type"":""WID"",""#text"":""d588c41a446c11de98360015c5e6daf6""},{""@wd:type"":""Worker_Type_ID"",""#text"":""EE""}]","[{""@wd:type"":""WID"",""#text"":""64de2ff19983016798076952c700c54d""},{""@wd:type"":""Job_Profile_ID"",""#text"":""WLADNE""}]",2020-02-06,2020-02-06,"[{""@wd:type"":""WID"",""#text"":""232c295da09343aea44be6eb390d719f""},{""@wd:type"":""Job_Requisition_Status_ID"",""#text"":""FILLED""}]",2023-06-21 05:53:06.593,2026-02-03 01:08:01.220,
RW1698,,,"[{""@wd:type"":""WID"",""#text"":""5e78f16d118601c84a2b5eb72ccef86a""},{""@wd:type"":""Organization_Reference_ID"",""#text"":""Corporate Land Investment""}]","[{""@wd:type"":""WID"",""#text"":""767d5105e578016ad0edf523d000405e""},{""@wd:type"":""Position_ID"",""#text"":""WL557280""}]",0,40.00000,"[{""@wd:type"":""WID"",""#text"":""7de2238c96cb1021f052b6e58d4f01ee""},{""@wd:type"":""Position_Time_Type_ID"",""#text"":""Full_time""}]","[{""@wd:type"":""WID"",""#text"":""cc5437fa4b051028376d7a8425f35bbb""},{""@wd:type"":""Location_ID"",""#text"":""AZ - Scottsdale""}]","[{""@wd:type"":""WID"",""#text"":""cc5437fa4b051028376d7a8425f35bbb""},{""@wd:type"":""Location_ID"",""#text"":""AZ - Scottsdale""}]","[{""@wd:type"":""WID"",""#text"":""cc5437fa4b05102824b3eb44d96c40ce""},{""@wd:type"":""Employee_Type_ID"",""#text"":""Regular""}]","[{""@wd:type"":""WID"",""#text"":""d588c41a446c11de98360015c5e6daf6""},{""@wd:type"":""Worker_Type_ID"",""#text"":""EE""}]","[{""@wd:type"":""WID"",""#text"":""64de2ff19983016798076952c700c54d""},{""@wd:type"":""Job_Profile_ID"",""#text"":""WLADNE""}]",2020-02-06,2020-02-06,"[{""@wd:type"":""WID"",""#text"":""232c295da09343aea44be6eb390d719f""},{""@wd:type"":""Job_Requisition_Status_ID"",""#text"":""FILLED""}]",2023-06-21 05:53:06.593,2026-02-03 01:08:01.220,
RW1697,,,"[{""@wd:type"":""WID"",""#text"":""e736a04d45590186905d83cf8bba8932""},{""@wd:type"":""Organization_Reference_ID"",""#text"":""SUP-ORG-320""}]","[{""@wd:type"":""WID"",""#text"":""767d5105e57801b1d82ce923d000365e""},{""@wd:type"":""Position_ID"",""#text"":""WL201273""}]",0,40.00000,"[{""@wd:type"":""WID"",""#text"":""7de2238c96cb1021f052b6e58d4f01ee""},{""@wd:type"":""Position_Time_Type_ID"",""#text"":""Full_time""}]","[{""@wd:type"":""WID"",""#text"":""cc5437fa4b051028376d7a8425f35bbb""},{""@wd:type"":""Location_ID"",""#text"":""AZ - Scottsdale""}]","[{""@wd:type"":""WID"",""#text"":""cc5437fa4b051028376d7a8425f35bbb""},{""@wd:type"":""Location_ID"",""#text"":""AZ - Scottsdale""}]","[{""@wd:type"":""WID"",""#text"":""cc5437fa4b05102824b3eb44d96c40ce""},{""@wd:type"":""Employee_Type_ID"",""#text"":""Regular""}]","[{""@wd:type"":""WID"",""#text"":""d588c41a446c11de98360015c5e6daf6""},{""@wd:type"":""Worker_Type_ID"",""#text"":""EE""}]","[{""@wd:type"":""WID"",""#text"":""64de2ff19983016798076952c700c54d""},{""@wd:type"":""Job_Profile_ID"",""#text"":""WLADNE""}]",2020-02-06,2020-02-06,"[{""@wd:type"":""WID"",""#text"":""232c295da09343aea44be6eb390d719f""},{""@wd:type"":""Job_Requisition_Status_ID"",""#text"":""FILLED""}]",2023-06-21 05:53:06.593,2026-02-03 01:08:01.220,
RW1696,,,"[{""@wd:type"":""WID"",""#text"":""099af8ca386801ac0b9199d05f012acc""},{""@wd:type"":""Organization_Reference_ID"",""#text"":""WLH Advisor (Retention)""}]","[{""@wd:type"":""WID"",""#text"":""767d5105e57801f66a6f58ca7800cc2c""},{""@wd:type"":""Position_ID"",""#text"":""WL557942""}]",0,40.00000,"[{""@wd:type"":""WID"",""#text"":""7de2238c96cb1021f052b6e58d4f01ee""},{""@wd:type"":""Position_Time_Type_ID"",""#text"":""Full_time""}]","[{""@wd:type"":""WID"",""#text"":""cc5437fa4b051028376d81e7fdb95bcd""},{""@wd:type"":""Location_ID"",""#text"":""CO - Englewood""}]","[{""@wd:type"":""WID"",""#text"":""cc5437fa4b051028376d81e7fdb95bcd""},{""@wd:type"":""Location_ID"",""#text"":""CO - Englewood""}]","[{""@wd:type"":""WID"",""#text"":""cc5437fa4b05102824b3eb44d96c40ce""},{""@wd:type"":""Employee_Type_ID"",""#text"":""Regular""}]","[{""@wd:type"":""WID"",""#text"":""d588c41a446c11de98360015c5e6daf6""},{""@wd:type"":""Worker_Type_ID"",""#text"":""EE""}]","[{""@wd:type"":""WID"",""#text"":""64de2ff1998301ebf3f72a35c700744d""},{""@wd:type"":""Job_Profile_ID"",""#text"":""WLADEX""}]",2020-02-06,2020-02-06,"[{""@wd:type"":""WID"",""#text"":""232c295da09343aea44be6eb390d719f""},{""@wd:type"":""Job_Requisition_Status_ID"",""#text"":""FILLED""}]",2023-06-21 05:53:06.593,2026-02-03 01:08:01.220,
RW1695,,,"[{""@wd:type"":""WID"",""#text"":""f2f03472e90310b5230bdeebbdb20e03""},{""@wd:type"":""Organization_Reference_ID"",""#text"":""SUP-ORG-194""}]","[{""@wd:type"":""WID"",""#text"":""767d5105e578015f3b2ddc23d0002a5e""},{""@wd:type"":""Position_ID"",""#text"":""WL555785""}]",0,40.00000,"[{""@wd:type"":""WID"",""#text"":""7de2238c96cb1021f052b6e58d4f01ee""},{""@wd:type"":""Position_Time_Type_ID"",""#text"":""Full_time""}]","[{""@wd:type"":""WID"",""#text"":""cc5437fa4b051028376d7a8425f35bbb""},{""@wd:type"":""Location_ID"",""#text"":""AZ - Scottsdale""}]","[{""@wd:type"":""WID"",""#text"":""cc5437fa4b051028376d7a8425f35bbb""},{""@wd:type"":""Location_ID"",""#text"":""AZ - Scottsdale""}]","[{""@wd:type"":""WID"",""#text"":""cc5437fa4b05102824b3eb44d96c40ce""},{""@wd:type"":""Employee_Type_ID"",""#text"":""Regular""}]","[{""@wd:type"":""WID"",""#text"":""d588c41a446c11de98360015c5e6daf6""},{""@wd:type"":""Worker_Type_ID"",""#text"":""EE""}]","[{""@wd:type"":""WID"",""#text"":""64de2ff1998301ebf3f72a35c700744d""},{""@wd:type"":""Job_Profile_ID"",""#text"":""WLADEX""}]",2020-02-06,2020-02-06,"[{""@wd:type"":""WID"",""#text"":""232c295da09343aea44be6eb390d719f""},{""@wd:type"":""Job_Requisition_Status_ID"",""#text"":""FILLED""}]",2023-06-21 05:53:06.593,2026-02-03 01:08:01.220,
RW1694,,,"[{""@wd:type"":""WID"",""#text"":""099af8ca386801aa93e97cdffe01973a""},{""@wd:type"":""Organization_Reference_ID"",""#text"":""Field Operations A""}]","[{""@wd:type"":""WID"",""#text"":""767d5105e57801f189d7d023d0001e5e""},{""@wd:type"":""Position_ID"",""#text"":""WL557986""}]",0,40.00000,"[{""@wd:type"":""WID"",""#text"":""7de2238c96cb1021f052b6e58d4f01ee""},{""@wd:type"":""Position_Time_Type_ID"",""#text"":""Full_time""}]","[{""@wd:type"":""WID"",""#text"":""cc5437fa4b051028376d7a8425f35bbb""},{""@wd:type"":""Location_ID"",""#text"":""AZ - Scottsdale""}]","[{""@wd:type"":""WID"",""#text"":""cc5437fa4b051028376d7a8425f35bbb""},{""@wd:type"":""Location_ID"",""#text"":""AZ - Scottsdale""}]","[{""@wd:type"":""WID"",""#text"":""cc5437fa4b05102824b3eb44d96c40ce""},{""@wd:type"":""Employee_Type_ID"",""#text"":""Regular""}]","[{""@wd:type"":""WID"",""#text"":""d588c41a446c11de98360015c5e6daf6""},{""@wd:type"":""Worker_Type_ID"",""#text"":""EE""}]","[{""@wd:type"":""WID"",""#text"":""64de2ff1998301ebf3f72a35c700744d""},{""@wd:type"":""Job_Profile_ID"",""#text"":""WLADEX""}]",2020-02-06,2020-02-06,"[{""@wd:type"":""WID"",""#text"":""232c295da09343aea44be6eb390d719f""},{""@wd:type"":""Job_Requisition_Status_ID"",""#text"":""FILLED""}]",2023-06-21 05:53:06.593,2026-02-03 01:08:01.220,
RW1693,,,"[{""@wd:type"":""WID"",""#text"":""9c7619ba46c101b95c183db3f5516f52""},{""@wd:type"":""Organization_Reference_ID"",""#text"":""People Services L&D Operations""}]","[{""@wd:type"":""WID"",""#text"":""767d5105e57801ff6154c623d000125e""},{""@wd:type"":""Position_ID"",""#text"":""WL558188""}]",0,40.00000,"[{""@wd:type"":""WID"",""#text"":""7de2238c96cb1021f052b6e58d4f01ee""},{""@wd:type"":""Position_Time_Type_ID"",""#text"":""Full_time""}]","[{""@wd:type"":""WID"",""#text"":""cc5437fa4b051028376d7a8425f35bbb""},{""@wd:type"":""Location_ID"",""#text"":""AZ - Scottsdale""}]","[{""@wd:type"":""WID"",""#text"":""cc5437fa4b051028376d7a8425f35bbb""},{""@wd:type"":""Location_ID"",""#text"":""AZ - Scottsdale""}]","[{""@wd:type"":""WID"",""#text"":""cc5437fa4b05102824b3eb44d96c40ce""},{""@wd:type"":""Employee_Type_ID"",""#text"":""Regular""}]","[{""@wd:type"":""WID"",""#text"":""d588c41a446c11de98360015c5e6daf6""},{""@wd:type"":""Worker_Type_ID"",""#text"":""EE""}]","[{""@wd:type"":""WID"",""#text"":""64de2ff1998301ebf3f72a35c700744d""},{""@wd:type"":""Job_Profile_ID"",""#text"":""WLADEX""}]",2020-02-06,2020-02-06,"[{""@wd:type"":""WID"",""#text"":""232c295da09343aea44be6eb390d719f""},{""@wd:type"":""Job_Requisition_Status_ID"",""#text"":""FILLED""}]",2023-06-21 05:53:06.593,2026-02-03 01:08:01.220,
RW1692,,,"[{""@wd:type"":""WID"",""#text"":""099af8ca386801163a8ac4ccff017d3c""},{""@wd:type"":""Organization_Reference_ID"",""#text"":""Information Technology Support Ops A""}]","[{""@wd:type"":""WID"",""#text"":""767d5105e57801f401b5bb23d000065e""},{""@wd:type"":""Position_ID"",""#text"":""WL557051""}]",0,40.00000,"[{""@wd:type"":""WID"",""#text"":""7de2238c96cb1021f052b6e58d4f01ee""},{""@wd:type"":""Position_Time_Type_ID"",""#text"":""Full_time""}]","[{""@wd:type"":""WID"",""#text"":""cc5437fa4b051028376d7a8425f35bbb""},{""@wd:type"":""Location_ID"",""#text"":""AZ - Scottsdale""}]","[{""@wd:type"":""WID"",""#text"":""cc5437fa4b051028376d7a8425f35bbb""},{""@wd:type"":""Location_ID"",""#text"":""AZ - Scottsdale""}]","[{""@wd:type"":""WID"",""#text"":""cc5437fa4b05102824b3eb44d96c40ce""},{""@wd:type"":""Employee_Type_ID"",""#text"":""Regular""}]","[{""@wd:type"":""WID"",""#text"":""d588c41a446c11de98360015c5e6daf6""},{""@wd:type"":""Worker_Type_ID"",""#text"":""EE""}]","[{""@wd:type"":""WID"",""#text"":""64de2ff1998301ebf3f72a35c700744d""},{""@wd:type"":""Job_Profile_ID"",""#text"":""WLADEX""}]",2020-02-06,2020-02-06,"[{""@wd:type"":""WID"",""#text"":""232c295da09343aea44be6eb390d719f""},{""@wd:type"":""Job_Requisition_Status_ID"",""#text"":""FILLED""}]",2023-06-21 05:53:06.593,2026-02-03 01:08:01.220,
RW1691,,,"[{""@wd:type"":""WID"",""#text"":""229151757b6401215dbf64ad477f436d""},{""@wd:type"":""Organization_Reference_ID"",""#text"":""SUP-ORG-262""}]","[{""@wd:type"":""WID"",""#text"":""767d5105e57801b302a1b023d000fa5d""},{""@wd:type"":""Position_ID"",""#text"":""WL557200""}]",0,40.00000,"[{""@wd:type"":""WID"",""#text"":""7de2238c96cb1021f052b6e58d4f01ee""},{""@wd:type"":""Position_Time_Type_ID"",""#text"":""Full_time""}]","[{""@wd:type"":""WID"",""#text"":""cc5437fa4b051028376d7a8425f35bbb""},{""@wd:type"":""Location_ID"",""#text"":""AZ - Scottsdale""}]","[{""@wd:type"":""WID"",""#text"":""cc5437fa4b051028376d7a8425f35bbb""},{""@wd:type"":""Location_ID"",""#text"":""AZ - Scottsdale""}]","[{""@wd:type"":""WID"",""#text"":""cc5437fa4b05102824b3eb44d96c40ce""},{""@wd:type"":""Employee_Type_ID"",""#text"":""Regular""}]","[{""@wd:type"":""WID"",""#text"":""d588c41a446c11de98360015c5e6daf6""},{""@wd:type"":""Worker_Type_ID"",""#text"":""EE""}]","[{""@wd:type"":""WID"",""#text"":""64de2ff1998301ebf3f72a35c700744d""},{""@wd:type"":""Job_Profile_ID"",""#text"":""WLADEX""}]",2020-02-06,2020-02-06,"[{""@wd:type"":""WID"",""#text"":""232c295da09343aea44be6eb390d719f""},{""@wd:type"":""Job_Requisition_Status_ID"",""#text"":""FILLED""}]",2023-06-21 05:53:06.593,2026-02-03 01:08:01.220,
RW1690,,,"[{""@wd:type"":""WID"",""#text"":""099af8ca386801a37602d393ff014a3c""},{""@wd:type"":""Organization_Reference_ID"",""#text"":""Customer Systems""}]","[{""@wd:type"":""WID"",""#text"":""767d5105e57801b845fba523d000ee5d""},{""@wd:type"":""Position_ID"",""#text"":""WL558440""}]",0,40.00000,"[{""@wd:type"":""WID"",""#text"":""7de2238c96cb1021f052b6e58d4f01ee""},{""@wd:type"":""Position_Time_Type_ID"",""#text"":""Full_time""}]","[{""@wd:type"":""WID"",""#text"":""cc5437fa4b051028376d7a8425f35bbb""},{""@wd:type"":""Location_ID"",""#text"":""AZ - Scottsdale""}]","[{""@wd:type"":""WID"",""#text"":""cc5437fa4b051028376d7a8425f35bbb""},{""@wd:type"":""Location_ID"",""#text"":""AZ - Scottsdale""}]","[{""@wd:type"":""WID"",""#text"":""cc5437fa4b05102824b3eb44d96c40ce""},{""@wd:type"":""Employee_Type_ID"",""#text"":""Regular""}]","[{""@wd:type"":""WID"",""#text"":""d588c41a446c11de98360015c5e6daf6""},{""@wd:type"":""Worker_Type_ID"",""#text"":""EE""}]","[{""@wd:type"":""WID"",""#text"":""64de2ff1998301ebf3f72a35c700744d""},{""@wd:type"":""Job_Profile_ID"",""#text"":""WLADEX""}]",2020-02-06,2020-02-06,"[{""@wd:type"":""WID"",""#text"":""232c295da09343aea44be6eb390d719f""},{""@wd:type"":""Job_Requisition_Status_ID"",""#text"":""FILLED""}]",2023-06-21 05:53:06.593,2026-02-03 01:08:01.220,
RW1689,,,"[{""@wd:type"":""WID"",""#text"":""dfe65d77d7b210c0b24af53ab185f19b""},{""@wd:type"":""Organization_Reference_ID"",""#text"":""SUP-ORG-76""}]","[{""@wd:type"":""WID"",""#text"":""767d5105e578015453249b23d000e05d""},{""@wd:type"":""Position_ID"",""#text"":""WL558544""}]",0,40.00000,"[{""@wd:type"":""WID"",""#text"":""7de2238c96cb1021f052b6e58d4f01ee""},{""@wd:type"":""Position_Time_Type_ID"",""#text"":""Full_time""}]","[{""@wd:type"":""WID"",""#text"":""cc5437fa4b051028376d7a8425f35bbb""},{""@wd:type"":""Location_ID"",""#text"":""AZ - Scottsdale""}]","[{""@wd:type"":""WID"",""#text"":""cc5437fa4b051028376d7a8425f35bbb""},{""@wd:type"":""Location_ID"",""#text"":""AZ - Scottsdale""}]","[{""@wd:type"":""WID"",""#text"":""cc5437fa4b05102824b3eb44d96c40ce""},{""@wd:type"":""Employee_Type_ID"",""#text"":""Regular""}]","[{""@wd:type"":""WID"",""#text"":""d588c41a446c11de98360015c5e6daf6""},{""@wd:type"":""Worker_Type_ID"",""#text"":""EE""}]","[{""@wd:type"":""WID"",""#text"":""64de2ff19983016798076952c700c54d""},{""@wd:type"":""Job_Profile_ID"",""#text"":""WLADNE""}]",2020-02-06,2020-02-06,"[{""@wd:type"":""WID"",""#text"":""232c295da09343aea44be6eb390d719f""},{""@wd:type"":""Job_Requisition_Status_ID"",""#text"":""FILLED""}]",2023-06-21 05:53:06.593,2026-02-03 01:08:01.220,
RW1688,,,"[{""@wd:type"":""WID"",""#text"":""dd1a066e677d10817d006636ab80cc40""},{""@wd:type"":""Organization_Reference_ID"",""#text"":""Regional IT Support B""}]","[{""@wd:type"":""WID"",""#text"":""767d5105e57801ce1d579023d000d65d""},{""@wd:type"":""Position_ID"",""#text"":""WL558455""}]",0,40.00000,"[{""@wd:type"":""WID"",""#text"":""7de2238c96cb1021f052b6e58d4f01ee""},{""@wd:type"":""Position_Time_Type_ID"",""#text"":""Full_time""}]","[{""@wd:type"":""WID"",""#text"":""cc5437fa4b051028376d7a8425f35bbb""},{""@wd:type"":""Location_ID"",""#text"":""AZ - Scottsdale""}]","[{""@wd:type"":""WID"",""#text"":""cc5437fa4b051028376d7a8425f35bbb""},{""@wd:type"":""Location_ID"",""#text"":""AZ - Scottsdale""}]","[{""@wd:type"":""WID"",""#text"":""cc5437fa4b05102824b3eb44d96c40ce""},{""@wd:type"":""Employee_Type_ID"",""#text"":""Regular""}]","[{""@wd:type"":""WID"",""#text"":""d588c41a446c11de98360015c5e6daf6""},{""@wd:type"":""Worker_Type_ID"",""#text"":""EE""}]","[{""@wd:type"":""WID"",""#text"":""64de2ff19983016798076952c700c54d""},{""@wd:type"":""Job_Profile_ID"",""#text"":""WLADNE""}]",2020-02-06,2020-02-06,"[{""@wd:type"":""WID"",""#text"":""232c295da09343aea44be6eb390d719f""},{""@wd:type"":""Job_Requisition_Status_ID"",""#text"":""FILLED""}]",2023-06-21 05:53:06.593,2026-02-03 01:08:01.220,
RW1687,,,"[{""@wd:type"":""WID"",""#text"":""dd1a066e677d10817d006636ab80cc40""},{""@wd:type"":""Organization_Reference_ID"",""#text"":""Regional IT Support B""}]","[{""@wd:type"":""WID"",""#text"":""767d5105e5780110eef48523d000cc5d""},{""@wd:type"":""Position_ID"",""#text"":""WL558014""}]",0,40.00000,"[{""@wd:type"":""WID"",""#text"":""7de2238c96cb1021f052b6e58d4f01ee""},{""@wd:type"":""Position_Time_Type_ID"",""#text"":""Full_time""}]","[{""@wd:type"":""WID"",""#text"":""cc5437fa4b051028376d7a8425f35bbb""},{""@wd:type"":""Location_ID"",""#text"":""AZ - Scottsdale""}]","[{""@wd:type"":""WID"",""#text"":""cc5437fa4b051028376d7a8425f35bbb""},{""@wd:type"":""Location_ID"",""#text"":""AZ - Scottsdale""}]","[{""@wd:type"":""WID"",""#text"":""cc5437fa4b05102824b3eb44d96c40ce""},{""@wd:type"":""Employee_Type_ID"",""#text"":""Regular""}]","[{""@wd:type"":""WID"",""#text"":""d588c41a446c11de98360015c5e6daf6""},{""@wd:type"":""Worker_Type_ID"",""#text"":""EE""}]","[{""@wd:type"":""WID"",""#text"":""64de2ff19983016798076952c700c54d""},{""@wd:type"":""Job_Profile_ID"",""#text"":""WLADNE""}]",2020-02-06,2020-02-06,"[{""@wd:type"":""WID"",""#text"":""232c295da09343aea44be6eb390d719f""},{""@wd:type"":""Job_Requisition_Status_ID"",""#text"":""FILLED""}]",2023-06-21 05:53:06.593,2026-02-03 01:08:01.220,
RW1686,,,"[{""@wd:type"":""WID"",""#text"":""cc5437fa4b05102915865777726f6aea""},{""@wd:type"":""Organization_Reference_ID"",""#text"":""SUP709466""}]","[{""@wd:type"":""WID"",""#text"":""767d5105e578015b96ed7a23d000c05d""},{""@wd:type"":""Position_ID"",""#text"":""WL558409""}]",0,40.00000,"[{""@wd:type"":""WID"",""#text"":""7de2238c96cb1021f052b6e58d4f01ee""},{""@wd:type"":""Position_Time_Type_ID"",""#text"":""Full_time""}]","[{""@wd:type"":""WID"",""#text"":""cc5437fa4b051028376d7a8425f35bbb""},{""@wd:type"":""Location_ID"",""#text"":""AZ - Scottsdale""}]","[{""@wd:type"":""WID"",""#text"":""cc5437fa4b051028376d7a8425f35bbb""},{""@wd:type"":""Location_ID"",""#text"":""AZ - Scottsdale""}]","[{""@wd:type"":""WID"",""#text"":""cc5437fa4b05102824b3eb44d96c40ce""},{""@wd:type"":""Employee_Type_ID"",""#text"":""Regular""}]","[{""@wd:type"":""WID"",""#text"":""d588c41a446c11de98360015c5e6daf6""},{""@wd:type"":""Worker_Type_ID"",""#text"":""EE""}]","[{""@wd:type"":""WID"",""#text"":""64de2ff1998301ebf3f72a35c700744d""},{""@wd:type"":""Job_Profile_ID"",""#text"":""WLADEX""}]",2020-02-06,2020-02-06,"[{""@wd:type"":""WID"",""#text"":""232c295da09343aea44be6eb390d719f""},{""@wd:type"":""Job_Requisition_Status_ID"",""#text"":""FILLED""}]",2023-06-21 05:53:06.593,2026-02-03 01:08:01.220,
RW1684,,,"[{""@wd:type"":""WID"",""#text"":""cc5437fa4b051029158669395f786aff""},{""@wd:type"":""Organization_Reference_ID"",""#text"":""Houston Division Operations""}]","[{""@wd:type"":""WID"",""#text"":""767d5105e578017998580d0f6700b801""},{""@wd:type"":""Position_ID"",""#text"":""WL558478""}]",0,40.00000,"[{""@wd:type"":""WID"",""#text"":""7de2238c96cb1021f052b6e58d4f01ee""},{""@wd:type"":""Position_Time_Type_ID"",""#text"":""Full_time""}]","[{""@wd:type"":""WID"",""#text"":""cc5437fa4b051028376d73187a245ba9""},{""@wd:type"":""Location_ID"",""#text"":""TX - Houston""}]","[{""@wd:type"":""WID"",""#text"":""cc5437fa4b051028376d73187a245ba9""},{""@wd:type"":""Location_ID"",""#text"":""TX - Houston""}]","[{""@wd:type"":""WID"",""#text"":""cc5437fa4b05102824b3eb44d96c40ce""},{""@wd:type"":""Employee_Type_ID"",""#text"":""Regular""}]","[{""@wd:type"":""WID"",""#text"":""d588c41a446c11de98360015c5e6daf6""},{""@wd:type"":""Worker_Type_ID"",""#text"":""EE""}]","[{""@wd:type"":""WID"",""#text"":""64de2ff1998301ebf3f72a35c700744d""},{""@wd:type"":""Job_Profile_ID"",""#text"":""WLADEX""}]",2020-02-06,2020-02-06,"[{""@wd:type"":""WID"",""#text"":""232c295da09343aea44be6eb390d719f""},{""@wd:type"":""Job_Requisition_Status_ID"",""#text"":""FILLED""}]",2023-06-21 05:53:06.593,2026-02-03 01:08:01.220,
RW1683,,,"[{""@wd:type"":""WID"",""#text"":""cc5437fa4b051029158670c0719c6b08""},{""@wd:type"":""Organization_Reference_ID"",""#text"":""East Area Operations""}]","[{""@wd:type"":""WID"",""#text"":""767d5105e57801c63f35020f6700ae01""},{""@wd:type"":""Position_ID"",""#text"":""WL558413""}]",0,40.00000,"[{""@wd:type"":""WID"",""#text"":""7de2238c96cb1021f052b6e58d4f01ee""},{""@wd:type"":""Position_Time_Type_ID"",""#text"":""Full_time""}]","[{""@wd:type"":""WID"",""#text"":""cc5437fa4b051028376d73187a245ba9""},{""@wd:type"":""Location_ID"",""#text"":""TX - Houston""}]","[{""@wd:type"":""WID"",""#text"":""cc5437fa4b051028376d73187a245ba9""},{""@wd:type"":""Location_ID"",""#text"":""TX - Houston""}]","[{""@wd:type"":""WID"",""#text"":""cc5437fa4b05102824b3eb44d96c40ce""},{""@wd:type"":""Employee_Type_ID"",""#text"":""Regular""}]","[{""@wd:type"":""WID"",""#text"":""d588c41a446c11de98360015c5e6daf6""},{""@wd:type"":""Worker_Type_ID"",""#text"":""EE""}]","[{""@wd:type"":""WID"",""#text"":""64de2ff1998301ebf3f72a35c700744d""},{""@wd:type"":""Job_Profile_ID"",""#text"":""WLADEX""}]",2020-02-06,2020-02-06,"[{""@wd:type"":""WID"",""#text"":""232c295da09343aea44be6eb390d719f""},{""@wd:type"":""Job_Requisition_Status_ID"",""#text"":""FILLED""}]",2023-06-21 05:53:06.593,2026-02-03 01:08:01.220,
RW1682,,,"[{""@wd:type"":""WID"",""#text"":""099af8ca386801dbb44f3830ba016411""},{""@wd:type"":""Organization_Reference_ID"",""#text"":""SoCal Finance Controller""}]","[{""@wd:type"":""WID"",""#text"":""767d5105e57801ce2134c207d500956f""},{""@wd:type"":""Position_ID"",""#text"":""WL558307""}]",0,40.00000,"[{""@wd:type"":""WID"",""#text"":""7de2238c96cb1021f052b6e58d4f01ee""},{""@wd:type"":""Position_Time_Type_ID"",""#text"":""Full_time""}]","[{""@wd:type"":""WID"",""#text"":""cc5437fa4b051028376d8cbd8e065be8""},{""@wd:type"":""Location_ID"",""#text"":""CA - Irvine""}]","[{""@wd:type"":""WID"",""#text"":""cc5437fa4b051028376d8cbd8e065be8""},{""@wd:type"":""Location_ID"",""#text"":""CA - Irvine""}]","[{""@wd:type"":""WID"",""#text"":""cc5437fa4b05102824b3eb44d96c40ce""},{""@wd:type"":""Employee_Type_ID"",""#text"":""Regular""}]","[{""@wd:type"":""WID"",""#text"":""d588c41a446c11de98360015c5e6daf6""},{""@wd:type"":""Worker_Type_ID"",""#text"":""EE""}]","[{""@wd:type"":""WID"",""#text"":""64de2ff19983016798076952c700c54d""},{""@wd:type"":""Job_Profile_ID"",""#text"":""WLADNE""}]",2020-02-06,2020-02-06,"[{""@wd:type"":""WID"",""#text"":""232c295da09343aea44be6eb390d719f""},{""@wd:type"":""Job_Requisition_Status_ID"",""#text"":""FILLED""}]",2023-06-21 05:53:06.593,2026-02-03 01:08:01.220,
RW1681,,,"[{""@wd:type"":""WID"",""#text"":""099af8ca386801dbb44f3830ba016411""},{""@wd:type"":""Organization_Reference_ID"",""#text"":""SoCal Finance Controller""}]","[{""@wd:type"":""WID"",""#text"":""767d5105e57801329f5eb807d5008d6f""},{""@wd:type"":""Position_ID"",""#text"":""WL558231""}]",0,40.00000,"[{""@wd:type"":""WID"",""#text"":""7de2238c96cb1021f052b6e370df01ed""},{""@wd:type"":""Position_Time_Type_ID"",""#text"":""Part_time""}]","[{""@wd:type"":""WID"",""#text"":""cc5437fa4b051028376d8cbd8e065be8""},{""@wd:type"":""Location_ID"",""#text"":""CA - Irvine""}]","[{""@wd:type"":""WID"",""#text"":""cc5437fa4b051028376d8cbd8e065be8""},{""@wd:type"":""Location_ID"",""#text"":""CA - Irvine""}]","[{""@wd:type"":""WID"",""#text"":""cc5437fa4b05102824b3eb44d96c40ce""},{""@wd:type"":""Employee_Type_ID"",""#text"":""Regular""}]","[{""@wd:type"":""WID"",""#text"":""d588c41a446c11de98360015c5e6daf6""},{""@wd:type"":""Worker_Type_ID"",""#text"":""EE""}]","[{""@wd:type"":""WID"",""#text"":""64de2ff19983016798076952c700c54d""},{""@wd:type"":""Job_Profile_ID"",""#text"":""WLADNE""}]",2020-02-06,2020-02-06,"[{""@wd:type"":""WID"",""#text"":""232c295da09343aea44be6eb390d719f""},{""@wd:type"":""Job_Requisition_Status_ID"",""#text"":""FILLED""}]",2023-06-21 05:53:06.593,2026-02-03 01:08:01.220,
RW1680,,,"[{""@wd:type"":""WID"",""#text"":""099af8ca386801dbb44f3830ba016411""},{""@wd:type"":""Organization_Reference_ID"",""#text"":""SoCal Finance Controller""}]","[{""@wd:type"":""WID"",""#text"":""767d5105e578010843f0a807d500856f""},{""@wd:type"":""Position_ID"",""#text"":""WL558181""}]",0,40.00000,"[{""@wd:type"":""WID"",""#text"":""7de2238c96cb1021f052b6e58d4f01ee""},{""@wd:type"":""Position_Time_Type_ID"",""#text"":""Full_time""}]","[{""@wd:type"":""WID"",""#text"":""cc5437fa4b051028376d8cbd8e065be8""},{""@wd:type"":""Location_ID"",""#text"":""CA - Irvine""}]","[{""@wd:type"":""WID"",""#text"":""cc5437fa4b051028376d8cbd8e065be8""},{""@wd:type"":""Location_ID"",""#text"":""CA - Irvine""}]","[{""@wd:type"":""WID"",""#text"":""cc5437fa4b05102824b3eb44d96c40ce""},{""@wd:type"":""Employee_Type_ID"",""#text"":""Regular""}]","[{""@wd:type"":""WID"",""#text"":""d588c41a446c11de98360015c5e6daf6""},{""@wd:type"":""Worker_Type_ID"",""#text"":""EE""}]","[{""@wd:type"":""WID"",""#text"":""64de2ff19983016798076952c700c54d""},{""@wd:type"":""Job_Profile_ID"",""#text"":""WLADNE""}]",2020-02-06,2020-02-06,"[{""@wd:type"":""WID"",""#text"":""232c295da09343aea44be6eb390d719f""},{""@wd:type"":""Job_Requisition_Status_ID"",""#text"":""FILLED""}]",2023-06-21 05:53:06.593,2026-02-03 01:08:01.220,
RW1679,,,"[{""@wd:type"":""WID"",""#text"":""cc5437fa4b0510291586e96dab456bb0""},{""@wd:type"":""Organization_Reference_ID"",""#text"":""Bay Area""}]","[{""@wd:type"":""WID"",""#text"":""767d5105e578010e392e23537300df1e""},{""@wd:type"":""Position_ID"",""#text"":""WL228018""}]",0,40.00000,"[{""@wd:type"":""WID"",""#text"":""7de2238c96cb1021f052b6e58d4f01ee""},{""@wd:type"":""Position_Time_Type_ID"",""#text"":""Full_time""}]","[{""@wd:type"":""WID"",""#text"":""cc5437fa4b051028376d905264ed5bf1""},{""@wd:type"":""Location_ID"",""#text"":""CA - Bay Area""}]","[{""@wd:type"":""WID"",""#text"":""cc5437fa4b051028376d905264ed5bf1""},{""@wd:type"":""Location_ID"",""#text"":""CA - Bay Area""}]","[{""@wd:type"":""WID"",""#text"":""cc5437fa4b05102824b3eb44d96c40ce""},{""@wd:type"":""Employee_Type_ID"",""#text"":""Regular""}]","[{""@wd:type"":""WID"",""#text"":""d588c41a446c11de98360015c5e6daf6""},{""@wd:type"":""Worker_Type_ID"",""#text"":""EE""}]","[{""@wd:type"":""WID"",""#text"":""64de2ff1998301ebf3f72a35c700744d""},{""@wd:type"":""Job_Profile_ID"",""#text"":""WLADEX""}]",2020-02-06,2020-02-06,"[{""@wd:type"":""WID"",""#text"":""232c295da09343aea44be6eb390d719f""},{""@wd:type"":""Job_Requisition_Status_ID"",""#text"":""FILLED""}]",2023-06-21 05:53:06.593,2026-02-03 01:08:01.220,
RW1678,,,"[{""@wd:type"":""WID"",""#text"":""cc5437fa4b05102915887008334a6ca4""},{""@wd:type"":""Organization_Reference_ID"",""#text"":""Bay Land Development Operations""}]","[{""@wd:type"":""WID"",""#text"":""767d5105e578019611ac19537300d31e""},{""@wd:type"":""Position_ID"",""#text"":""WL557885""}]",0,40.00000,"[{""@wd:type"":""WID"",""#text"":""7de2238c96cb1021f052b6e58d4f01ee""},{""@wd:type"":""Position_Time_Type_ID"",""#text"":""Full_time""}]","[{""@wd:type"":""WID"",""#text"":""cc5437fa4b051028376d905264ed5bf1""},{""@wd:type"":""Location_ID"",""#text"":""CA - Bay Area""}]","[{""@wd:type"":""WID"",""#text"":""cc5437fa4b051028376d905264ed5bf1""},{""@wd:type"":""Location_ID"",""#text"":""CA - Bay Area""}]","[{""@wd:type"":""WID"",""#text"":""cc5437fa4b05102824b3eb44d96c40ce""},{""@wd:type"":""Employee_Type_ID"",""#text"":""Regular""}]","[{""@wd:type"":""WID"",""#text"":""d588c41a446c11de98360015c5e6daf6""},{""@wd:type"":""Worker_Type_ID"",""#text"":""EE""}]","[{""@wd:type"":""WID"",""#text"":""64de2ff19983016798076952c700c54d""},{""@wd:type"":""Job_Profile_ID"",""#text"":""WLADNE""}]",2020-02-06,2020-02-06,"[{""@wd:type"":""WID"",""#text"":""232c295da09343aea44be6eb390d719f""},{""@wd:type"":""Job_Requisition_Status_ID"",""#text"":""FILLED""}]",2023-06-21 05:53:06.593,2026-02-03 01:08:01.220,
RW1677,,,"[{""@wd:type"":""WID"",""#text"":""cc5437fa4b05102915887330290d6ca7""},{""@wd:type"":""Organization_Reference_ID"",""#text"":""Bay Purchasing Operations""}]","[{""@wd:type"":""WID"",""#text"":""767d5105e57801db90cd0f537300c71e""},{""@wd:type"":""Position_ID"",""#text"":""WL557389""}]",0,40.00000,"[{""@wd:type"":""WID"",""#text"":""7de2238c96cb1021f052b6e58d4f01ee""},{""@wd:type"":""Position_Time_Type_ID"",""#text"":""Full_time""}]","[{""@wd:type"":""WID"",""#text"":""cc5437fa4b051028376d905264ed5bf1""},{""@wd:type"":""Location_ID"",""#text"":""CA - Bay Area""}]","[{""@wd:type"":""WID"",""#text"":""cc5437fa4b051028376d905264ed5bf1""},{""@wd:type"":""Location_ID"",""#text"":""CA - Bay Area""}]","[{""@wd:type"":""WID"",""#text"":""cc5437fa4b05102824b3eb44d96c40ce""},{""@wd:type"":""Employee_Type_ID"",""#text"":""Regular""}]","[{""@wd:type"":""WID"",""#text"":""d588c41a446c11de98360015c5e6daf6""},{""@wd:type"":""Worker_Type_ID"",""#text"":""EE""}]","[{""@wd:type"":""WID"",""#text"":""64de2ff19983016798076952c700c54d""},{""@wd:type"":""Job_Profile_ID"",""#text"":""WLADNE""}]",2020-02-06,2020-02-06,"[{""@wd:type"":""WID"",""#text"":""232c295da09343aea44be6eb390d719f""},{""@wd:type"":""Job_Requisition_Status_ID"",""#text"":""FILLED""}]",2023-06-21 05:53:06.593,2026-02-03 01:08:01.220,
RW1676,,,"[{""@wd:type"":""WID"",""#text"":""cc5437fa4b05102915887008334a6ca4""},{""@wd:type"":""Organization_Reference_ID"",""#text"":""Bay Land Development Operations""}]","[{""@wd:type"":""WID"",""#text"":""767d5105e57801bd366904537300bb1e""},{""@wd:type"":""Position_ID"",""#text"":""WL557353""}]",0,40.00000,"[{""@wd:type"":""WID"",""#text"":""7de2238c96cb1021f052b6e58d4f01ee""},{""@wd:type"":""Position_Time_Type_ID"",""#text"":""Full_time""}]","[{""@wd:type"":""WID"",""#text"":""cc5437fa4b051028376d905264ed5bf1""},{""@wd:type"":""Location_ID"",""#text"":""CA - Bay Area""}]","[{""@wd:type"":""WID"",""#text"":""cc5437fa4b051028376d905264ed5bf1""},{""@wd:type"":""Location_ID"",""#text"":""CA - Bay Area""}]","[{""@wd:type"":""WID"",""#text"":""cc5437fa4b05102824b3eb44d96c40ce""},{""@wd:type"":""Employee_Type_ID"",""#text"":""Regular""}]","[{""@wd:type"":""WID"",""#text"":""d588c41a446c11de98360015c5e6daf6""},{""@wd:type"":""Worker_Type_ID"",""#text"":""EE""}]","[{""@wd:type"":""WID"",""#text"":""64de2ff1998301ebf3f72a35c700744d""},{""@wd:type"":""Job_Profile_ID"",""#text"":""WLADEX""}]",2020-02-06,2020-02-06,"[{""@wd:type"":""WID"",""#text"":""232c295da09343aea44be6eb390d719f""},{""@wd:type"":""Job_Requisition_Status_ID"",""#text"":""FILLED""}]",2023-06-21 05:53:06.593,2026-02-03 01:08:01.220,
RW1675,,,"[{""@wd:type"":""WID"",""#text"":""3a536ab6f90d10b683fb75176b65ad0c""},{""@wd:type"":""Organization_Reference_ID"",""#text"":""Bay Sales & Marketing Operations""}]","[{""@wd:type"":""WID"",""#text"":""767d5105e57801837036fa527300b11e""},{""@wd:type"":""Position_ID"",""#text"":""WL557980""}]",0,40.00000,"[{""@wd:type"":""WID"",""#text"":""7de2238c96cb1021f052b6e58d4f01ee""},{""@wd:type"":""Position_Time_Type_ID"",""#text"":""Full_time""}]","[{""@wd:type"":""WID"",""#text"":""cc5437fa4b051028376d905264ed5bf1""},{""@wd:type"":""Location_ID"",""#text"":""CA - Bay Area""}]","[{""@wd:type"":""WID"",""#text"":""cc5437fa4b051028376d905264ed5bf1""},{""@wd:type"":""Location_ID"",""#text"":""CA - Bay Area""}]","[{""@wd:type"":""WID"",""#text"":""cc5437fa4b05102824b3eb44d96c40ce""},{""@wd:type"":""Employee_Type_ID"",""#text"":""Regular""}]","[{""@wd:type"":""WID"",""#text"":""d588c41a446c11de98360015c5e6daf6""},{""@wd:type"":""Worker_Type_ID"",""#text"":""EE""}]","[{""@wd:type"":""WID"",""#text"":""64de2ff19983016798076952c700c54d""},{""@wd:type"":""Job_Profile_ID"",""#text"":""WLADNE""}]",2020-02-06,2020-02-06,"[{""@wd:type"":""WID"",""#text"":""232c295da09343aea44be6eb390d719f""},{""@wd:type"":""Job_Requisition_Status_ID"",""#text"":""FILLED""}]",2023-06-21 05:53:06.593,2026-02-03 01:08:01.220,
RW1674,,,"[{""@wd:type"":""WID"",""#text"":""cc5437fa4b0510291586e96dab456bb0""},{""@wd:type"":""Organization_Reference_ID"",""#text"":""Bay Area""}]","[{""@wd:type"":""WID"",""#text"":""767d5105e57801e6be07ef527300a71e""},{""@wd:type"":""Position_ID"",""#text"":""WL558647""}]",0,40.00000,"[{""@wd:type"":""WID"",""#text"":""7de2238c96cb1021f052b6e58d4f01ee""},{""@wd:type"":""Position_Time_Type_ID"",""#text"":""Full_time""}]","[{""@wd:type"":""WID"",""#text"":""cc5437fa4b051028376d905264ed5bf1""},{""@wd:type"":""Location_ID"",""#text"":""CA - Bay Area""}]","[{""@wd:type"":""WID"",""#text"":""cc5437fa4b051028376d905264ed5bf1""},{""@wd:type"":""Location_ID"",""#text"":""CA - Bay Area""}]","[{""@wd:type"":""WID"",""#text"":""cc5437fa4b05102824b3eb44d96c40ce""},{""@wd:type"":""Employee_Type_ID"",""#text"":""Regular""}]","[{""@wd:type"":""WID"",""#text"":""d588c41a446c11de98360015c5e6daf6""},{""@wd:type"":""Worker_Type_ID"",""#text"":""EE""}]","[{""@wd:type"":""WID"",""#text"":""64de2ff1998301ebf3f72a35c700744d""},{""@wd:type"":""Job_Profile_ID"",""#text"":""WLADEX""}]",2020-02-06,2020-02-06,"[{""@wd:type"":""WID"",""#text"":""232c295da09343aea44be6eb390d719f""},{""@wd:type"":""Job_Requisition_Status_ID"",""#text"":""FILLED""}]",2023-06-21 05:53:06.593,2026-02-03 01:08:01.220,
RW1673,,,"[{""@wd:type"":""WID"",""#text"":""cc5437fa4b051029158869a79b296c9e""},{""@wd:type"":""Organization_Reference_ID"",""#text"":""Bay Construction Operations""}]","[{""@wd:type"":""WID"",""#text"":""767d5105e57801d1f1b4e45273009b1e""},{""@wd:type"":""Position_ID"",""#text"":""WL558057""}]",0,40.00000,"[{""@wd:type"":""WID"",""#text"":""7de2238c96cb1021f052b6e58d4f01ee""},{""@wd:type"":""Position_Time_Type_ID"",""#text"":""Full_time""}]","[{""@wd:type"":""WID"",""#text"":""cc5437fa4b051028376d905264ed5bf1""},{""@wd:type"":""Location_ID"",""#text"":""CA - Bay Area""}]","[{""@wd:type"":""WID"",""#text"":""cc5437fa4b051028376d905264ed5bf1""},{""@wd:type"":""Location_ID"",""#text"":""CA - Bay Area""}]","[{""@wd:type"":""WID"",""#text"":""cc5437fa4b05102824b3eb44d96c40ce""},{""@wd:type"":""Employee_Type_ID"",""#text"":""Regular""}]","[{""@wd:type"":""WID"",""#text"":""d588c41a446c11de98360015c5e6daf6""},{""@wd:type"":""Worker_Type_ID"",""#text"":""EE""}]","[{""@wd:type"":""WID"",""#text"":""64de2ff1998301ebf3f72a35c700744d""},{""@wd:type"":""Job_Profile_ID"",""#text"":""WLADEX""}]",2020-02-06,2020-02-06,"[{""@wd:type"":""WID"",""#text"":""232c295da09343aea44be6eb390d719f""},{""@wd:type"":""Job_Requisition_Status_ID"",""#text"":""FILLED""}]",2023-06-21 05:53:06.593,2026-02-03 01:08:01.220,
RW1672,,,"[{""@wd:type"":""WID"",""#text"":""cc5437fa4b051029158869a79b296c9e""},{""@wd:type"":""Organization_Reference_ID"",""#text"":""Bay Construction Operations""}]","[{""@wd:type"":""WID"",""#text"":""767d5105e57801c70e98da5273008f1e""},{""@wd:type"":""Position_ID"",""#text"":""WL557938""}]",0,40.00000,"[{""@wd:type"":""WID"",""#text"":""7de2238c96cb1021f052b6e58d4f01ee""},{""@wd:type"":""Position_Time_Type_ID"",""#text"":""Full_time""}]","[{""@wd:type"":""WID"",""#text"":""cc5437fa4b051028376d905264ed5bf1""},{""@wd:type"":""Location_ID"",""#text"":""CA - Bay Area""}]","[{""@wd:type"":""WID"",""#text"":""cc5437fa4b051028376d905264ed5bf1""},{""@wd:type"":""Location_ID"",""#text"":""CA - Bay Area""}]","[{""@wd:type"":""WID"",""#text"":""cc5437fa4b05102824b3eb44d96c40ce""},{""@wd:type"":""Employee_Type_ID"",""#text"":""Regular""}]","[{""@wd:type"":""WID"",""#text"":""d588c41a446c11de98360015c5e6daf6""},{""@wd:type"":""Worker_Type_ID"",""#text"":""EE""}]","[{""@wd:type"":""WID"",""#text"":""64de2ff19983016798076952c700c54d""},{""@wd:type"":""Job_Profile_ID"",""#text"":""WLADNE""}]",2020-02-06,2020-02-06,"[{""@wd:type"":""WID"",""#text"":""232c295da09343aea44be6eb390d719f""},{""@wd:type"":""Job_Requisition_Status_ID"",""#text"":""FILLED""}]",2023-06-21 05:53:06.593,2026-02-03 01:08:01.220,
RW1671,,,"[{""@wd:type"":""WID"",""#text"":""cc5437fa4b0510291586e96dab456bb0""},{""@wd:type"":""Organization_Reference_ID"",""#text"":""Bay Area""}]","[{""@wd:type"":""WID"",""#text"":""767d5105e5780190b9cfd0527300851e""},{""@wd:type"":""Position_ID"",""#text"":""WL558385""}]",0,40.00000,"[{""@wd:type"":""WID"",""#text"":""7de2238c96cb1021f052b6e58d4f01ee""},{""@wd:type"":""Position_Time_Type_ID"",""#text"":""Full_time""}]","[{""@wd:type"":""WID"",""#text"":""cc5437fa4b051028376d905264ed5bf1""},{""@wd:type"":""Location_ID"",""#text"":""CA - Bay Area""}]","[{""@wd:type"":""WID"",""#text"":""cc5437fa4b051028376d905264ed5bf1""},{""@wd:type"":""Location_ID"",""#text"":""CA - Bay Area""}]","[{""@wd:type"":""WID"",""#text"":""cc5437fa4b05102824b3eb44d96c40ce""},{""@wd:type"":""Employee_Type_ID"",""#text"":""Regular""}]","[{""@wd:type"":""WID"",""#text"":""d588c41a446c11de98360015c5e6daf6""},{""@wd:type"":""Worker_Type_ID"",""#text"":""EE""}]","[{""@wd:type"":""WID"",""#text"":""64de2ff19983016798076952c700c54d""},{""@wd:type"":""Job_Profile_ID"",""#text"":""WLADNE""}]",2020-02-06,2020-02-06,"[{""@wd:type"":""WID"",""#text"":""232c295da09343aea44be6eb390d719f""},{""@wd:type"":""Job_Requisition_Status_ID"",""#text"":""FILLED""}]",2023-06-21 05:53:06.593,2026-02-03 01:08:01.220,
RW1670,,,"[{""@wd:type"":""WID"",""#text"":""64de2ff1998301571220efa30502f850""},{""@wd:type"":""Organization_Reference_ID"",""#text"":""Las Vegas Finance Operations""}]","[{""@wd:type"":""WID"",""#text"":""47d2dda97f830180e62975dbc3015143""},{""@wd:type"":""Position_ID"",""#text"":""WL555553""}]",0,40.00000,"[{""@wd:type"":""WID"",""#text"":""7de2238c96cb1021f052b6e58d4f01ee""},{""@wd:type"":""Position_Time_Type_ID"",""#text"":""Full_time""}]","[{""@wd:type"":""WID"",""#text"":""000e459e232001869e652789d01f81dc""},{""@wd:type"":""Location_ID"",""#text"":""NV - Las Vegas""}]","[{""@wd:type"":""WID"",""#text"":""000e459e232001869e652789d01f81dc""},{""@wd:type"":""Location_ID"",""#text"":""NV - Las Vegas""}]","[{""@wd:type"":""WID"",""#text"":""cc5437fa4b05102824b3eb44d96c40ce""},{""@wd:type"":""Employee_Type_ID"",""#text"":""Regular""}]","[{""@wd:type"":""WID"",""#text"":""d588c41a446c11de98360015c5e6daf6""},{""@wd:type"":""Worker_Type_ID"",""#text"":""EE""}]","[{""@wd:type"":""WID"",""#text"":""64de2ff19983016798076952c700c54d""},{""@wd:type"":""Job_Profile_ID"",""#text"":""WLADNE""}]",2020-02-06,2020-02-06,"[{""@wd:type"":""WID"",""#text"":""232c295da09343aea44be6eb390d719f""},{""@wd:type"":""Job_Requisition_Status_ID"",""#text"":""FILLED""}]",2023-06-21 05:53:06.593,2026-02-03 01:08:01.220,
RW1669,,,"[{""@wd:type"":""WID"",""#text"":""64de2ff1998301571220efa30502f850""},{""@wd:type"":""Organization_Reference_ID"",""#text"":""Las Vegas Finance Operations""}]","[{""@wd:type"":""WID"",""#text"":""47d2dda97f83017d277b67dbc3014543""},{""@wd:type"":""Position_ID"",""#text"":""WL558384""}]",0,40.00000,"[{""@wd:type"":""WID"",""#text"":""7de2238c96cb1021f052b6e58d4f01ee""},{""@wd:type"":""Position_Time_Type_ID"",""#text"":""Full_time""}]","[{""@wd:type"":""WID"",""#text"":""000e459e232001869e652789d01f81dc""},{""@wd:type"":""Location_ID"",""#text"":""NV - Las Vegas""}]","[{""@wd:type"":""WID"",""#text"":""000e459e232001869e652789d01f81dc""},{""@wd:type"":""Location_ID"",""#text"":""NV - Las Vegas""}]","[{""@wd:type"":""WID"",""#text"":""cc5437fa4b05102824b3eb44d96c40ce""},{""@wd:type"":""Employee_Type_ID"",""#text"":""Regular""}]","[{""@wd:type"":""WID"",""#text"":""d588c41a446c11de98360015c5e6daf6""},{""@wd:type"":""Worker_Type_ID"",""#text"":""EE""}]","[{""@wd:type"":""WID"",""#text"":""64de2ff19983016798076952c700c54d""},{""@wd:type"":""Job_Profile_ID"",""#text"":""WLADNE""}]",2020-02-06,2020-02-06,"[{""@wd:type"":""WID"",""#text"":""232c295da09343aea44be6eb390d719f""},{""@wd:type"":""Job_Requisition_Status_ID"",""#text"":""FILLED""}]",2023-06-21 05:53:06.593,2026-02-03 01:08:01.220,
RW1668,,,"[{""@wd:type"":""WID"",""#text"":""64de2ff19983012fb4632cffff011b44""},{""@wd:type"":""Organization_Reference_ID"",""#text"":""Portland Finance Operations""}]","[{""@wd:type"":""WID"",""#text"":""47d2dda97f83012043fa4fe6c201052b""},{""@wd:type"":""Position_ID"",""#text"":""WL557839""}]",0,40.00000,"[{""@wd:type"":""WID"",""#text"":""7de2238c96cb1021f052b6e58d4f01ee""},{""@wd:type"":""Position_Time_Type_ID"",""#text"":""Full_time""}]","[{""@wd:type"":""WID"",""#text"":""000e459e2320010c15526407d01f53dc""},{""@wd:type"":""Location_ID"",""#text"":""WA ? Vancouver/Portland""}]","[{""@wd:type"":""WID"",""#text"":""000e459e2320010c15526407d01f53dc""},{""@wd:type"":""Location_ID"",""#text"":""WA ? Vancouver/Portland""}]","[{""@wd:type"":""WID"",""#text"":""cc5437fa4b05102824b3eb44d96c40ce""},{""@wd:type"":""Employee_Type_ID"",""#text"":""Regular""}]","[{""@wd:type"":""WID"",""#text"":""d588c41a446c11de98360015c5e6daf6""},{""@wd:type"":""Worker_Type_ID"",""#text"":""EE""}]","[{""@wd:type"":""WID"",""#text"":""64de2ff1998301ebf3f72a35c700744d""},{""@wd:type"":""Job_Profile_ID"",""#text"":""WLADEX""}]",2020-02-06,2020-02-06,"[{""@wd:type"":""WID"",""#text"":""232c295da09343aea44be6eb390d719f""},{""@wd:type"":""Job_Requisition_Status_ID"",""#text"":""FILLED""}]",2023-06-21 05:53:06.593,2026-02-03 01:08:01.220,
RW1667,,,"[{""@wd:type"":""WID"",""#text"":""cc5437fa4b0510291586735ea8ca6b0b""},{""@wd:type"":""Organization_Reference_ID"",""#text"":""Denver Operations""}]","[{""@wd:type"":""WID"",""#text"":""767d5105e57801d6aed84dca7800c02c""},{""@wd:type"":""Position_ID"",""#text"":""WL557750""}]",0,40.00000,"[{""@wd:type"":""WID"",""#text"":""7de2238c96cb1021f052b6e58d4f01ee""},{""@wd:type"":""Position_Time_Type_ID"",""#text"":""Full_time""}]","[{""@wd:type"":""WID"",""#text"":""cc5437fa4b051028376d81e7fdb95bcd""},{""@wd:type"":""Location_ID"",""#text"":""CO - Englewood""}]","[{""@wd:type"":""WID"",""#text"":""cc5437fa4b051028376d81e7fdb95bcd""},{""@wd:type"":""Location_ID"",""#text"":""CO - Englewood""}]","[{""@wd:type"":""WID"",""#text"":""cc5437fa4b05102824b3eb44d96c40ce""},{""@wd:type"":""Employee_Type_ID"",""#text"":""Regular""}]","[{""@wd:type"":""WID"",""#text"":""d588c41a446c11de98360015c5e6daf6""},{""@wd:type"":""Worker_Type_ID"",""#text"":""EE""}]","[{""@wd:type"":""WID"",""#text"":""64de2ff1998301ebf3f72a35c700744d""},{""@wd:type"":""Job_Profile_ID"",""#text"":""WLADEX""}]",2020-02-06,2020-02-06,"[{""@wd:type"":""WID"",""#text"":""232c295da09343aea44be6eb390d719f""},{""@wd:type"":""Job_Requisition_Status_ID"",""#text"":""FILLED""}]",2023-06-21 05:53:06.593,2026-02-03 01:08:01.220,
RW1666,,,"[{""@wd:type"":""WID"",""#text"":""64de2ff19983010c8e50d22b01027e46""},{""@wd:type"":""Organization_Reference_ID"",""#text"":""Portland Accounts Payable""}]","[{""@wd:type"":""WID"",""#text"":""47d2dda97f8301951b3042e6c201fd2a""},{""@wd:type"":""Position_ID"",""#text"":""WL557775""}]",0,40.00000,"[{""@wd:type"":""WID"",""#text"":""7de2238c96cb1021f052b6e58d4f01ee""},{""@wd:type"":""Position_Time_Type_ID"",""#text"":""Full_time""}]","[{""@wd:type"":""WID"",""#text"":""000e459e2320010c15526407d01f53dc""},{""@wd:type"":""Location_ID"",""#text"":""WA ? Vancouver/Portland""}]","[{""@wd:type"":""WID"",""#text"":""000e459e2320010c15526407d01f53dc""},{""@wd:type"":""Location_ID"",""#text"":""WA ? Vancouver/Portland""}]","[{""@wd:type"":""WID"",""#text"":""cc5437fa4b05102824b3eb44d96c40ce""},{""@wd:type"":""Employee_Type_ID"",""#text"":""Regular""}]","[{""@wd:type"":""WID"",""#text"":""d588c41a446c11de98360015c5e6daf6""},{""@wd:type"":""Worker_Type_ID"",""#text"":""EE""}]","[{""@wd:type"":""WID"",""#text"":""64de2ff19983016798076952c700c54d""},{""@wd:type"":""Job_Profile_ID"",""#text"":""WLADNE""}]",2020-02-06,2020-02-06,"[{""@wd:type"":""WID"",""#text"":""232c295da09343aea44be6eb390d719f""},{""@wd:type"":""Job_Requisition_Status_ID"",""#text"":""FILLED""}]",2023-06-21 05:53:06.593,2026-02-03 01:08:01.220,
RW1665,,,"[{""@wd:type"":""WID"",""#text"":""cc5437fa4b0510291586e57dbbfc6baa""},{""@wd:type"":""Organization_Reference_ID"",""#text"":""SoCal Finance Operations""}]","[{""@wd:type"":""WID"",""#text"":""767d5105e57801013ee99e07d5007d6f""},{""@wd:type"":""Position_ID"",""#text"":""WL557310""}]",0,40.00000,"[{""@wd:type"":""WID"",""#text"":""7de2238c96cb1021f052b6e58d4f01ee""},{""@wd:type"":""Position_Time_Type_ID"",""#text"":""Full_time""}]","[{""@wd:type"":""WID"",""#text"":""cc5437fa4b051028376d8cbd8e065be8""},{""@wd:type"":""Location_ID"",""#text"":""CA - Irvine""}]","[{""@wd:type"":""WID"",""#text"":""cc5437fa4b051028376d8cbd8e065be8""},{""@wd:type"":""Location_ID"",""#text"":""CA - Irvine""}]","[{""@wd:type"":""WID"",""#text"":""cc5437fa4b05102824b3eb44d96c40ce""},{""@wd:type"":""Employee_Type_ID"",""#text"":""Regular""}]","[{""@wd:type"":""WID"",""#text"":""d588c41a446c11de98360015c5e6daf6""},{""@wd:type"":""Worker_Type_ID"",""#text"":""EE""}]","[{""@wd:type"":""WID"",""#text"":""64de2ff1998301ebf3f72a35c700744d""},{""@wd:type"":""Job_Profile_ID"",""#text"":""WLADEX""}]",2020-02-06,2020-02-06,"[{""@wd:type"":""WID"",""#text"":""232c295da09343aea44be6eb390d719f""},{""@wd:type"":""Job_Requisition_Status_ID"",""#text"":""FILLED""}]",2023-06-21 05:53:06.593,2026-02-03 01:08:01.220,
RW1664,,,"[{""@wd:type"":""WID"",""#text"":""64de2ff19983010c8e50d22b01027e46""},{""@wd:type"":""Organization_Reference_ID"",""#text"":""Portland Accounts Payable""}]","[{""@wd:type"":""WID"",""#text"":""47d2dda97f83012a502c35e6c201f52a""},{""@wd:type"":""Position_ID"",""#text"":""WL558100""}]",0,40.00000,"[{""@wd:type"":""WID"",""#text"":""7de2238c96cb1021f052b6e58d4f01ee""},{""@wd:type"":""Position_Time_Type_ID"",""#text"":""Full_time""}]","[{""@wd:type"":""WID"",""#text"":""000e459e2320010c15526407d01f53dc""},{""@wd:type"":""Location_ID"",""#text"":""WA ? Vancouver/Portland""}]","[{""@wd:type"":""WID"",""#text"":""000e459e2320010c15526407d01f53dc""},{""@wd:type"":""Location_ID"",""#text"":""WA ? Vancouver/Portland""}]","[{""@wd:type"":""WID"",""#text"":""cc5437fa4b05102824b3eb44d96c40ce""},{""@wd:type"":""Employee_Type_ID"",""#text"":""Regular""}]","[{""@wd:type"":""WID"",""#text"":""d588c41a446c11de98360015c5e6daf6""},{""@wd:type"":""Worker_Type_ID"",""#text"":""EE""}]","[{""@wd:type"":""WID"",""#text"":""64de2ff19983016798076952c700c54d""},{""@wd:type"":""Job_Profile_ID"",""#text"":""WLADNE""}]",2020-02-06,2020-02-06,"[{""@wd:type"":""WID"",""#text"":""232c295da09343aea44be6eb390d719f""},{""@wd:type"":""Job_Requisition_Status_ID"",""#text"":""FILLED""}]",2023-06-21 05:53:06.593,2026-02-03 01:08:01.220,
RW1663,,,"[{""@wd:type"":""WID"",""#text"":""cc5437fa4b0510291586fd37a2536bce""},{""@wd:type"":""Organization_Reference_ID"",""#text"":""SoCal Land Acquisition Operations""}]","[{""@wd:type"":""WID"",""#text"":""767d5105e578013f22709407d500736f""},{""@wd:type"":""Position_ID"",""#text"":""WL555047""}]",0,40.00000,"[{""@wd:type"":""WID"",""#text"":""7de2238c96cb1021f052b6e58d4f01ee""},{""@wd:type"":""Position_Time_Type_ID"",""#text"":""Full_time""}]","[{""@wd:type"":""WID"",""#text"":""cc5437fa4b051028376d8cbd8e065be8""},{""@wd:type"":""Location_ID"",""#text"":""CA - Irvine""}]","[{""@wd:type"":""WID"",""#text"":""cc5437fa4b051028376d8cbd8e065be8""},{""@wd:type"":""Location_ID"",""#text"":""CA - Irvine""}]","[{""@wd:type"":""WID"",""#text"":""cc5437fa4b05102824b3eb44d96c40ce""},{""@wd:type"":""Employee_Type_ID"",""#text"":""Regular""}]","[{""@wd:type"":""WID"",""#text"":""d588c41a446c11de98360015c5e6daf6""},{""@wd:type"":""Worker_Type_ID"",""#text"":""EE""}]","[{""@wd:type"":""WID"",""#text"":""64de2ff1998301ebf3f72a35c700744d""},{""@wd:type"":""Job_Profile_ID"",""#text"":""WLADEX""}]",2020-02-06,2020-02-06,"[{""@wd:type"":""WID"",""#text"":""232c295da09343aea44be6eb390d719f""},{""@wd:type"":""Job_Requisition_Status_ID"",""#text"":""FILLED""}]",2023-06-21 05:53:06.593,2026-02-03 01:08:01.220,
RW1662,,,"[{""@wd:type"":""WID"",""#text"":""cc5437fa4b0510291586fd37a2536bce""},{""@wd:type"":""Organization_Reference_ID"",""#text"":""SoCal Land Acquisition Operations""}]","[{""@wd:type"":""WID"",""#text"":""767d5105e578016d712e8a07d500696f""},{""@wd:type"":""Position_ID"",""#text"":""WL231223""}]",0,40.00000,"[{""@wd:type"":""WID"",""#text"":""7de2238c96cb1021f052b6e58d4f01ee""},{""@wd:type"":""Position_Time_Type_ID"",""#text"":""Full_time""}]","[{""@wd:type"":""WID"",""#text"":""cc5437fa4b051028376d8cbd8e065be8""},{""@wd:type"":""Location_ID"",""#text"":""CA - Irvine""}]","[{""@wd:type"":""WID"",""#text"":""cc5437fa4b051028376d8cbd8e065be8""},{""@wd:type"":""Location_ID"",""#text"":""CA - Irvine""}]","[{""@wd:type"":""WID"",""#text"":""cc5437fa4b05102824b3eb44d96c40ce""},{""@wd:type"":""Employee_Type_ID"",""#text"":""Regular""}]","[{""@wd:type"":""WID"",""#text"":""d588c41a446c11de98360015c5e6daf6""},{""@wd:type"":""Worker_Type_ID"",""#text"":""EE""}]","[{""@wd:type"":""WID"",""#text"":""64de2ff1998301ebf3f72a35c700744d""},{""@wd:type"":""Job_Profile_ID"",""#text"":""WLADEX""}]",2020-02-06,2020-02-06,"[{""@wd:type"":""WID"",""#text"":""232c295da09343aea44be6eb390d719f""},{""@wd:type"":""Job_Requisition_Status_ID"",""#text"":""FILLED""}]",2023-06-21 05:53:06.593,2026-02-03 01:08:01.220,
RW1661,,,"[{""@wd:type"":""WID"",""#text"":""cc5437fa4b0510291586e57dbbfc6baa""},{""@wd:type"":""Organization_Reference_ID"",""#text"":""SoCal Finance Operations""}]","[{""@wd:type"":""WID"",""#text"":""767d5105e57801bfe7ac8007d500616f""},{""@wd:type"":""Position_ID"",""#text"":""WL099753""}]",0,40.00000,"[{""@wd:type"":""WID"",""#text"":""7de2238c96cb1021f052b6e58d4f01ee""},{""@wd:type"":""Position_Time_Type_ID"",""#text"":""Full_time""}]","[{""@wd:type"":""WID"",""#text"":""cc5437fa4b051028376d8cbd8e065be8""},{""@wd:type"":""Location_ID"",""#text"":""CA - Irvine""}]","[{""@wd:type"":""WID"",""#text"":""cc5437fa4b051028376d8cbd8e065be8""},{""@wd:type"":""Location_ID"",""#text"":""CA - Irvine""}]","[{""@wd:type"":""WID"",""#text"":""cc5437fa4b05102824b3eb44d96c40ce""},{""@wd:type"":""Employee_Type_ID"",""#text"":""Regular""}]","[{""@wd:type"":""WID"",""#text"":""d588c41a446c11de98360015c5e6daf6""},{""@wd:type"":""Worker_Type_ID"",""#text"":""EE""}]","[{""@wd:type"":""WID"",""#text"":""64de2ff1998301ebf3f72a35c700744d""},{""@wd:type"":""Job_Profile_ID"",""#text"":""WLADEX""}]",2020-02-06,2020-02-06,"[{""@wd:type"":""WID"",""#text"":""232c295da09343aea44be6eb390d719f""},{""@wd:type"":""Job_Requisition_Status_ID"",""#text"":""FILLED""}]",2023-06-21 05:53:06.593,2026-02-03 01:08:01.220,
RW1660,,,"[{""@wd:type"":""WID"",""#text"":""099af8ca386801480f3fb009630111d0""},{""@wd:type"":""Organization_Reference_ID"",""#text"":""Bay Land Acquisition Operations""}]","[{""@wd:type"":""WID"",""#text"":""767d5105e578014545dac65273007b1e""},{""@wd:type"":""Position_ID"",""#text"":""WL558116""}]",0,40.00000,"[{""@wd:type"":""WID"",""#text"":""7de2238c96cb1021f052b6e58d4f01ee""},{""@wd:type"":""Position_Time_Type_ID"",""#text"":""Full_time""}]","[{""@wd:type"":""WID"",""#text"":""cc5437fa4b051028376d905264ed5bf1""},{""@wd:type"":""Location_ID"",""#text"":""CA - Bay Area""}]","[{""@wd:type"":""WID"",""#text"":""cc5437fa4b051028376d905264ed5bf1""},{""@wd:type"":""Location_ID"",""#text"":""CA - Bay Area""}]","[{""@wd:type"":""WID"",""#text"":""cc5437fa4b05102824b3eb44d96c40ce""},{""@wd:type"":""Employee_Type_ID"",""#text"":""Regular""}]","[{""@wd:type"":""WID"",""#text"":""d588c41a446c11de98360015c5e6daf6""},{""@wd:type"":""Worker_Type_ID"",""#text"":""EE""}]","[{""@wd:type"":""WID"",""#text"":""64de2ff1998301ebf3f72a35c700744d""},{""@wd:type"":""Job_Profile_ID"",""#text"":""WLADEX""}]",2020-02-06,2020-02-06,"[{""@wd:type"":""WID"",""#text"":""232c295da09343aea44be6eb390d719f""},{""@wd:type"":""Job_Requisition_Status_ID"",""#text"":""FILLED""}]",2023-06-21 05:53:06.593,2026-02-03 01:08:01.220,
RW1659,,,"[{""@wd:type"":""WID"",""#text"":""099af8ca38680185d8347bc0ba015712""},{""@wd:type"":""Organization_Reference_ID"",""#text"":""SoCal Land Acquisition""}]","[{""@wd:type"":""WID"",""#text"":""767d5105e578018576fc7607d500576f""},{""@wd:type"":""Position_ID"",""#text"":""WL555424""}]",0,40.00000,"[{""@wd:type"":""WID"",""#text"":""7de2238c96cb1021f052b6e58d4f01ee""},{""@wd:type"":""Position_Time_Type_ID"",""#text"":""Full_time""}]","[{""@wd:type"":""WID"",""#text"":""cc5437fa4b051028376d8cbd8e065be8""},{""@wd:type"":""Location_ID"",""#text"":""CA - Irvine""}]","[{""@wd:type"":""WID"",""#text"":""cc5437fa4b051028376d8cbd8e065be8""},{""@wd:type"":""Location_ID"",""#text"":""CA - Irvine""}]","[{""@wd:type"":""WID"",""#text"":""cc5437fa4b05102824b3eb44d96c40ce""},{""@wd:type"":""Employee_Type_ID"",""#text"":""Regular""}]","[{""@wd:type"":""WID"",""#text"":""d588c41a446c11de98360015c5e6daf6""},{""@wd:type"":""Worker_Type_ID"",""#text"":""EE""}]","[{""@wd:type"":""WID"",""#text"":""64de2ff1998301ebf3f72a35c700744d""},{""@wd:type"":""Job_Profile_ID"",""#text"":""WLADEX""}]",2020-02-06,2020-02-06,"[{""@wd:type"":""WID"",""#text"":""232c295da09343aea44be6eb390d719f""},{""@wd:type"":""Job_Requisition_Status_ID"",""#text"":""FILLED""}]",2023-06-21 05:53:06.593,2026-02-03 01:08:01.220,
RW1658,,,"[{""@wd:type"":""WID"",""#text"":""cc5437fa4b051029158675dbeacd6b0e""},{""@wd:type"":""Organization_Reference_ID"",""#text"":""SoCal Division Operations""}]","[{""@wd:type"":""WID"",""#text"":""767d5105e57801fed4e86c07d5004f6f""},{""@wd:type"":""Position_ID"",""#text"":""WL557920""}]",0,40.00000,"[{""@wd:type"":""WID"",""#text"":""7de2238c96cb1021f052b6e58d4f01ee""},{""@wd:type"":""Position_Time_Type_ID"",""#text"":""Full_time""}]","[{""@wd:type"":""WID"",""#text"":""cc5437fa4b051028376d8cbd8e065be8""},{""@wd:type"":""Location_ID"",""#text"":""CA - Irvine""}]","[{""@wd:type"":""WID"",""#text"":""cc5437fa4b051028376d8cbd8e065be8""},{""@wd:type"":""Location_ID"",""#text"":""CA - Irvine""}]","[{""@wd:type"":""WID"",""#text"":""cc5437fa4b05102824b3eb44d96c40ce""},{""@wd:type"":""Employee_Type_ID"",""#text"":""Regular""}]","[{""@wd:type"":""WID"",""#text"":""d588c41a446c11de98360015c5e6daf6""},{""@wd:type"":""Worker_Type_ID"",""#text"":""EE""}]","[{""@wd:type"":""WID"",""#text"":""64de2ff19983016798076952c700c54d""},{""@wd:type"":""Job_Profile_ID"",""#text"":""WLADNE""}]",2020-02-06,2020-02-06,"[{""@wd:type"":""WID"",""#text"":""232c295da09343aea44be6eb390d719f""},{""@wd:type"":""Job_Requisition_Status_ID"",""#text"":""FILLED""}]",2023-06-21 05:53:06.593,2026-02-03 01:08:01.220,
RW1657,,,"[{""@wd:type"":""WID"",""#text"":""099af8ca386801dbb44f3830ba016411""},{""@wd:type"":""Organization_Reference_ID"",""#text"":""SoCal Finance Controller""}]","[{""@wd:type"":""WID"",""#text"":""767d5105e57801c6b0a06207d500476f""},{""@wd:type"":""Position_ID"",""#text"":""WL555368""}]",0,40.00000,"[{""@wd:type"":""WID"",""#text"":""7de2238c96cb1021f052b6e58d4f01ee""},{""@wd:type"":""Position_Time_Type_ID"",""#text"":""Full_time""}]","[{""@wd:type"":""WID"",""#text"":""cc5437fa4b051028376d8cbd8e065be8""},{""@wd:type"":""Location_ID"",""#text"":""CA - Irvine""}]","[{""@wd:type"":""WID"",""#text"":""cc5437fa4b051028376d8cbd8e065be8""},{""@wd:type"":""Location_ID"",""#text"":""CA - Irvine""}]","[{""@wd:type"":""WID"",""#text"":""cc5437fa4b05102824b3eb44d96c40ce""},{""@wd:type"":""Employee_Type_ID"",""#text"":""Regular""}]","[{""@wd:type"":""WID"",""#text"":""d588c41a446c11de98360015c5e6daf6""},{""@wd:type"":""Worker_Type_ID"",""#text"":""EE""}]","[{""@wd:type"":""WID"",""#text"":""64de2ff19983016798076952c700c54d""},{""@wd:type"":""Job_Profile_ID"",""#text"":""WLADNE""}]",2020-02-06,2020-02-06,"[{""@wd:type"":""WID"",""#text"":""232c295da09343aea44be6eb390d719f""},{""@wd:type"":""Job_Requisition_Status_ID"",""#text"":""FILLED""}]",2023-06-21 05:53:06.593,2026-02-03 01:08:01.220,
RW1656,,,"[{""@wd:type"":""WID"",""#text"":""64de2ff199830197b3d713fdfd011f40""},{""@wd:type"":""Organization_Reference_ID"",""#text"":""Seattle Office Operations""}]","[{""@wd:type"":""WID"",""#text"":""47d2dda97f83017acba0a7506f01f00d""},{""@wd:type"":""Position_ID"",""#text"":""WL557715""}]",0,40.00000,"[{""@wd:type"":""WID"",""#text"":""7de2238c96cb1021f052b6e58d4f01ee""},{""@wd:type"":""Position_Time_Type_ID"",""#text"":""Full_time""}]","[{""@wd:type"":""WID"",""#text"":""000e459e232001ce69f3955dd01f72dc""},{""@wd:type"":""Location_ID"",""#text"":""WA ? Bellevue/Seattle""}]","[{""@wd:type"":""WID"",""#text"":""000e459e232001ce69f3955dd01f72dc""},{""@wd:type"":""Location_ID"",""#text"":""WA ? Bellevue/Seattle""}]","[{""@wd:type"":""WID"",""#text"":""cc5437fa4b05102824b3eb44d96c40ce""},{""@wd:type"":""Employee_Type_ID"",""#text"":""Regular""}]","[{""@wd:type"":""WID"",""#text"":""d588c41a446c11de98360015c5e6daf6""},{""@wd:type"":""Worker_Type_ID"",""#text"":""EE""}]","[{""@wd:type"":""WID"",""#text"":""64de2ff1998301ebf3f72a35c700744d""},{""@wd:type"":""Job_Profile_ID"",""#text"":""WLADEX""}]",2020-02-06,2020-02-06,"[{""@wd:type"":""WID"",""#text"":""232c295da09343aea44be6eb390d719f""},{""@wd:type"":""Job_Requisition_Status_ID"",""#text"":""FILLED""}]",2023-06-21 05:53:06.593,2026-02-03 01:08:01.220,
RW1655,,,"[{""@wd:type"":""WID"",""#text"":""64de2ff19983011fc1071f16fe014e40""},{""@wd:type"":""Organization_Reference_ID"",""#text"":""Seattle Accounts Payable""}]","[{""@wd:type"":""WID"",""#text"":""47d2dda97f8301cbfa6599506f01e80d""},{""@wd:type"":""Position_ID"",""#text"":""WL558651""}]",0,40.00000,"[{""@wd:type"":""WID"",""#text"":""7de2238c96cb1021f052b6e58d4f01ee""},{""@wd:type"":""Position_Time_Type_ID"",""#text"":""Full_time""}]","[{""@wd:type"":""WID"",""#text"":""000e459e232001ce69f3955dd01f72dc""},{""@wd:type"":""Location_ID"",""#text"":""WA ? Bellevue/Seattle""}]","[{""@wd:type"":""WID"",""#text"":""000e459e232001ce69f3955dd01f72dc""},{""@wd:type"":""Location_ID"",""#text"":""WA ? Bellevue/Seattle""}]","[{""@wd:type"":""WID"",""#text"":""cc5437fa4b05102824b3eb44d96c40ce""},{""@wd:type"":""Employee_Type_ID"",""#text"":""Regular""}]","[{""@wd:type"":""WID"",""#text"":""d588c41a446c11de98360015c5e6daf6""},{""@wd:type"":""Worker_Type_ID"",""#text"":""EE""}]","[{""@wd:type"":""WID"",""#text"":""64de2ff19983016798076952c700c54d""},{""@wd:type"":""Job_Profile_ID"",""#text"":""WLADNE""}]",2020-02-06,2020-02-06,"[{""@wd:type"":""WID"",""#text"":""232c295da09343aea44be6eb390d719f""},{""@wd:type"":""Job_Requisition_Status_ID"",""#text"":""FILLED""}]",2023-06-21 05:53:06.593,2026-02-03 01:08:01.220,
RW1654,,,"[{""@wd:type"":""WID"",""#text"":""64de2ff19983011fc1071f16fe014e40""},{""@wd:type"":""Organization_Reference_ID"",""#text"":""Seattle Accounts Payable""}]","[{""@wd:type"":""WID"",""#text"":""47d2dda97f8301e3d3548d506f01e00d""},{""@wd:type"":""Position_ID"",""#text"":""WL558420""}]",0,40.00000,"[{""@wd:type"":""WID"",""#text"":""7de2238c96cb1021f052b6e58d4f01ee""},{""@wd:type"":""Position_Time_Type_ID"",""#text"":""Full_time""}]","[{""@wd:type"":""WID"",""#text"":""000e459e232001ce69f3955dd01f72dc""},{""@wd:type"":""Location_ID"",""#text"":""WA ? Bellevue/Seattle""}]","[{""@wd:type"":""WID"",""#text"":""000e459e232001ce69f3955dd01f72dc""},{""@wd:type"":""Location_ID"",""#text"":""WA ? Bellevue/Seattle""}]","[{""@wd:type"":""WID"",""#text"":""cc5437fa4b05102824b3eb44d96c40ce""},{""@wd:type"":""Employee_Type_ID"",""#text"":""Regular""}]","[{""@wd:type"":""WID"",""#text"":""d588c41a446c11de98360015c5e6daf6""},{""@wd:type"":""Worker_Type_ID"",""#text"":""EE""}]","[{""@wd:type"":""WID"",""#text"":""64de2ff19983016798076952c700c54d""},{""@wd:type"":""Job_Profile_ID"",""#text"":""WLADNE""}]",2020-02-06,2020-02-06,"[{""@wd:type"":""WID"",""#text"":""232c295da09343aea44be6eb390d719f""},{""@wd:type"":""Job_Requisition_Status_ID"",""#text"":""FILLED""}]",2023-06-21 05:53:06.593,2026-02-03 01:08:01.220,
RW1653,,,"[{""@wd:type"":""WID"",""#text"":""64de2ff1998301968a90c0610002fe44""},{""@wd:type"":""Organization_Reference_ID"",""#text"":""Portland Construction Area A""}]","[{""@wd:type"":""WID"",""#text"":""47d2dda97f83011b6d8f26e6c201ed2a""},{""@wd:type"":""Position_ID"",""#text"":""WL558668""}]",0,40.00000,"[{""@wd:type"":""WID"",""#text"":""7de2238c96cb1021f052b6e58d4f01ee""},{""@wd:type"":""Position_Time_Type_ID"",""#text"":""Full_time""}]","[{""@wd:type"":""WID"",""#text"":""000e459e2320010c15526407d01f53dc""},{""@wd:type"":""Location_ID"",""#text"":""WA ? Vancouver/Portland""}]","[{""@wd:type"":""WID"",""#text"":""000e459e2320010c15526407d01f53dc""},{""@wd:type"":""Location_ID"",""#text"":""WA ? Vancouver/Portland""}]","[{""@wd:type"":""WID"",""#text"":""cc5437fa4b05102824b3eb44d96c40ce""},{""@wd:type"":""Employee_Type_ID"",""#text"":""Regular""}]","[{""@wd:type"":""WID"",""#text"":""d588c41a446c11de98360015c5e6daf6""},{""@wd:type"":""Worker_Type_ID"",""#text"":""EE""}]","[{""@wd:type"":""WID"",""#text"":""cc5437fa4b0510283dfcf87857ab6137""},{""@wd:type"":""Job_Profile_ID"",""#text"":""SUPER""}]",2020-02-06,2020-02-06,"[{""@wd:type"":""WID"",""#text"":""232c295da09343aea44be6eb390d719f""},{""@wd:type"":""Job_Requisition_Status_ID"",""#text"":""FILLED""}]",2023-06-21 05:53:06.593,2026-02-03 01:08:01.220,
RW1652,,,"[{""@wd:type"":""WID"",""#text"":""64de2ff19983018d9719742e00029744""},{""@wd:type"":""Organization_Reference_ID"",""#text"":""Portland Land Planning Operations""}]","[{""@wd:type"":""WID"",""#text"":""47d2dda97f83014dcf1318e6c201e52a""},{""@wd:type"":""Position_ID"",""#text"":""WL558669""}]",0,40.00000,"[{""@wd:type"":""WID"",""#text"":""7de2238c96cb1021f052b6e58d4f01ee""},{""@wd:type"":""Position_Time_Type_ID"",""#text"":""Full_time""}]","[{""@wd:type"":""WID"",""#text"":""000e459e2320010c15526407d01f53dc""},{""@wd:type"":""Location_ID"",""#text"":""WA ? Vancouver/Portland""}]","[{""@wd:type"":""WID"",""#text"":""000e459e2320010c15526407d01f53dc""},{""@wd:type"":""Location_ID"",""#text"":""WA ? Vancouver/Portland""}]","[{""@wd:type"":""WID"",""#text"":""cc5437fa4b05102824b3eb44d96c40ce""},{""@wd:type"":""Employee_Type_ID"",""#text"":""Regular""}]","[{""@wd:type"":""WID"",""#text"":""d588c41a446c11de98360015c5e6daf6""},{""@wd:type"":""Worker_Type_ID"",""#text"":""EE""}]","[{""@wd:type"":""WID"",""#text"":""cc5437fa4b0510283dfcf87857ab6137""},{""@wd:type"":""Job_Profile_ID"",""#text"":""SUPER""}]",2020-02-06,2020-02-06,"[{""@wd:type"":""WID"",""#text"":""232c295da09343aea44be6eb390d719f""},{""@wd:type"":""Job_Requisition_Status_ID"",""#text"":""FILLED""}]",2023-06-21 05:53:06.593,2026-02-03 01:08:01.220,
RW1651,,,"[{""@wd:type"":""WID"",""#text"":""64de2ff1998301477c43f19fff018b43""},{""@wd:type"":""Organization_Reference_ID"",""#text"":""Portland Operations""}]","[{""@wd:type"":""WID"",""#text"":""47d2dda97f830155df2d09e6c201dd2a""},{""@wd:type"":""Position_ID"",""#text"":""WL558667""}]",0,40.00000,"[{""@wd:type"":""WID"",""#text"":""7de2238c96cb1021f052b6e58d4f01ee""},{""@wd:type"":""Position_Time_Type_ID"",""#text"":""Full_time""}]","[{""@wd:type"":""WID"",""#text"":""000e459e2320010c15526407d01f53dc""},{""@wd:type"":""Location_ID"",""#text"":""WA ? Vancouver/Portland""}]","[{""@wd:type"":""WID"",""#text"":""000e459e2320010c15526407d01f53dc""},{""@wd:type"":""Location_ID"",""#text"":""WA ? Vancouver/Portland""}]","[{""@wd:type"":""WID"",""#text"":""cc5437fa4b05102824b3eb44d96c40ce""},{""@wd:type"":""Employee_Type_ID"",""#text"":""Regular""}]","[{""@wd:type"":""WID"",""#text"":""d588c41a446c11de98360015c5e6daf6""},{""@wd:type"":""Worker_Type_ID"",""#text"":""EE""}]","[{""@wd:type"":""WID"",""#text"":""cc5437fa4b0510283dfd1a35c450615b""},{""@wd:type"":""Job_Profile_ID"",""#text"":""VPF""}]",2020-02-06,2020-02-06,"[{""@wd:type"":""WID"",""#text"":""232c295da09343aea44be6eb390d719f""},{""@wd:type"":""Job_Requisition_Status_ID"",""#text"":""FILLED""}]",2023-06-21 05:53:06.593,2026-02-03 01:08:01.220,
RW1650,,,"[{""@wd:type"":""WID"",""#text"":""099af8ca38680102d7139cc75901e8c4""},{""@wd:type"":""Organization_Reference_ID"",""#text"":""Houston Sales Area A""}]","[{""@wd:type"":""WID"",""#text"":""767d5105e57801a3a99cf60e6700a201""},{""@wd:type"":""Position_ID"",""#text"":""WL558666""}]",0,40.00000,"[{""@wd:type"":""WID"",""#text"":""7de2238c96cb1021f052b6e58d4f01ee""},{""@wd:type"":""Position_Time_Type_ID"",""#text"":""Full_time""}]","[{""@wd:type"":""WID"",""#text"":""cc5437fa4b051028376d73187a245ba9""},{""@wd:type"":""Location_ID"",""#text"":""TX - Houston""}]","[{""@wd:type"":""WID"",""#text"":""cc5437fa4b051028376d73187a245ba9""},{""@wd:type"":""Location_ID"",""#text"":""TX - Houston""}]","[{""@wd:type"":""WID"",""#text"":""cc5437fa4b05102824b3eb44d96c40ce""},{""@wd:type"":""Employee_Type_ID"",""#text"":""Regular""}]","[{""@wd:type"":""WID"",""#text"":""d588c41a446c11de98360015c5e6daf6""},{""@wd:type"":""Worker_Type_ID"",""#text"":""EE""}]","[{""@wd:type"":""WID"",""#text"":""cc5437fa4b0510283dfb94d65250603e""},{""@wd:type"":""Job_Profile_ID"",""#text"":""IHC""}]",2020-02-06,2020-02-06,"[{""@wd:type"":""WID"",""#text"":""232c295da09343aea44be6eb390d719f""},{""@wd:type"":""Job_Requisition_Status_ID"",""#text"":""FILLED""}]",2023-06-21 05:53:06.593,2026-02-03 01:08:01.220,
RW1649,,,"[{""@wd:type"":""WID"",""#text"":""64de2ff1998301ff64dd282cfe018440""},{""@wd:type"":""Organization_Reference_ID"",""#text"":""Seattle Customer Care""}]","[{""@wd:type"":""WID"",""#text"":""47d2dda97f8301be59ef80506f01d80d""},{""@wd:type"":""Position_ID"",""#text"":""WL558665""}]",0,40.00000,"[{""@wd:type"":""WID"",""#text"":""7de2238c96cb1021f052b6e58d4f01ee""},{""@wd:type"":""Position_Time_Type_ID"",""#text"":""Full_time""}]","[{""@wd:type"":""WID"",""#text"":""000e459e232001ce69f3955dd01f72dc""},{""@wd:type"":""Location_ID"",""#text"":""WA ? Bellevue/Seattle""}]","[{""@wd:type"":""WID"",""#text"":""000e459e232001ce69f3955dd01f72dc""},{""@wd:type"":""Location_ID"",""#text"":""WA ? Bellevue/Seattle""}]","[{""@wd:type"":""WID"",""#text"":""cc5437fa4b05102824b3eb44d96c40ce""},{""@wd:type"":""Employee_Type_ID"",""#text"":""Regular""}]","[{""@wd:type"":""WID"",""#text"":""d588c41a446c11de98360015c5e6daf6""},{""@wd:type"":""Worker_Type_ID"",""#text"":""EE""}]","[{""@wd:type"":""WID"",""#text"":""cc5437fa4b0510283dfafdb4e9175fa6""},{""@wd:type"":""Job_Profile_ID"",""#text"":""CSR2""}]",2020-02-06,2020-02-06,"[{""@wd:type"":""WID"",""#text"":""232c295da09343aea44be6eb390d719f""},{""@wd:type"":""Job_Requisition_Status_ID"",""#text"":""FILLED""}]",2023-06-21 05:53:06.593,2026-02-03 01:08:01.220,
RW1648,,,"[{""@wd:type"":""WID"",""#text"":""099af8ca386801eb2122a8195c0195c7""},{""@wd:type"":""Organization_Reference_ID"",""#text"":""Austin Cadence""}]","[{""@wd:type"":""WID"",""#text"":""767d5105e57801f441f74d8e6d00e408""},{""@wd:type"":""Position_ID"",""#text"":""WL558277""}]",0,40.00000,"[{""@wd:type"":""WID"",""#text"":""7de2238c96cb1021f052b6e58d4f01ee""},{""@wd:type"":""Position_Time_Type_ID"",""#text"":""Full_time""}]","[{""@wd:type"":""WID"",""#text"":""cc5437fa4b051028376d67a4d48c5b8e""},{""@wd:type"":""Location_ID"",""#text"":""TX - Austin""}]","[{""@wd:type"":""WID"",""#text"":""cc5437fa4b051028376d67a4d48c5b8e""},{""@wd:type"":""Location_ID"",""#text"":""TX - Austin""}]","[{""@wd:type"":""WID"",""#text"":""cc5437fa4b05102824b3eb44d96c40ce""},{""@wd:type"":""Employee_Type_ID"",""#text"":""Regular""}]","[{""@wd:type"":""WID"",""#text"":""d588c41a446c11de98360015c5e6daf6""},{""@wd:type"":""Worker_Type_ID"",""#text"":""EE""}]","[{""@wd:type"":""WID"",""#text"":""5f0a0eb47e6d01a2ddeedda36f721ebb""},{""@wd:type"":""Job_Profile_ID"",""#text"":""PRMCOR""}]",2020-02-06,2020-02-06,"[{""@wd:type"":""WID"",""#text"":""232c295da09343aea44be6eb390d719f""},{""@wd:type"":""Job_Requisition_Status_ID"",""#text"":""FILLED""}]",2023-06-21 05:53:06.593,2026-02-03 01:08:01.220,
RW1647,,,"[{""@wd:type"":""WID"",""#text"":""64de2ff1998301968a90c0610002fe44""},{""@wd:type"":""Organization_Reference_ID"",""#text"":""Portland Construction Area A""}]","[{""@wd:type"":""WID"",""#text"":""47d2dda97f8301545459f9e5c201d52a""},{""@wd:type"":""Position_ID"",""#text"":""WL557853""}]",0,40.00000,"[{""@wd:type"":""WID"",""#text"":""7de2238c96cb1021f052b6e58d4f01ee""},{""@wd:type"":""Position_Time_Type_ID"",""#text"":""Full_time""}]","[{""@wd:type"":""WID"",""#text"":""000e459e2320010c15526407d01f53dc""},{""@wd:type"":""Location_ID"",""#text"":""WA ? Vancouver/Portland""}]","[{""@wd:type"":""WID"",""#text"":""000e459e2320010c15526407d01f53dc""},{""@wd:type"":""Location_ID"",""#text"":""WA ? Vancouver/Portland""}]","[{""@wd:type"":""WID"",""#text"":""cc5437fa4b05102824b3eb44d96c40ce""},{""@wd:type"":""Employee_Type_ID"",""#text"":""Regular""}]","[{""@wd:type"":""WID"",""#text"":""d588c41a446c11de98360015c5e6daf6""},{""@wd:type"":""Worker_Type_ID"",""#text"":""EE""}]","[{""@wd:type"":""WID"",""#text"":""cc5437fa4b0510283dfaa8aea3cd5f4e""},{""@wd:type"":""Job_Profile_ID"",""#text"":""ASUPER""}]",2020-02-06,2020-02-06,"[{""@wd:type"":""WID"",""#text"":""232c295da09343aea44be6eb390d719f""},{""@wd:type"":""Job_Requisition_Status_ID"",""#text"":""FILLED""}]",2023-06-21 05:53:06.593,2026-02-03 01:08:01.220,
RW1646,,,"[{""@wd:type"":""WID"",""#text"":""32be11dc66f50185bc175c05b41c8a1e""},{""@wd:type"":""Organization_Reference_ID"",""#text"":""Austin Contracts & Closing""}]","[{""@wd:type"":""WID"",""#text"":""767d5105e578017011f0428e6d00d808""},{""@wd:type"":""Position_ID"",""#text"":""WL558313""}]",0,40.00000,"[{""@wd:type"":""WID"",""#text"":""7de2238c96cb1021f052b6e58d4f01ee""},{""@wd:type"":""Position_Time_Type_ID"",""#text"":""Full_time""}]","[{""@wd:type"":""WID"",""#text"":""cc5437fa4b051028376d67a4d48c5b8e""},{""@wd:type"":""Location_ID"",""#text"":""TX - Austin""}]","[{""@wd:type"":""WID"",""#text"":""cc5437fa4b051028376d67a4d48c5b8e""},{""@wd:type"":""Location_ID"",""#text"":""TX - Austin""}]","[{""@wd:type"":""WID"",""#text"":""cc5437fa4b05102824b3eb44d96c40ce""},{""@wd:type"":""Employee_Type_ID"",""#text"":""Regular""}]","[{""@wd:type"":""WID"",""#text"":""d588c41a446c11de98360015c5e6daf6""},{""@wd:type"":""Worker_Type_ID"",""#text"":""EE""}]","[{""@wd:type"":""WID"",""#text"":""cc5437fa4b0510283dfad90974865f82""},{""@wd:type"":""Job_Profile_ID"",""#text"":""CCA""}]",2020-02-06,2020-02-06,"[{""@wd:type"":""WID"",""#text"":""232c295da09343aea44be6eb390d719f""},{""@wd:type"":""Job_Requisition_Status_ID"",""#text"":""FILLED""}]",2023-06-21 05:53:06.593,2026-02-03 01:08:01.220,
